Year,Style,Color,Retail Price,Resale - New,Resale - Pre-Owned
2015,Birkin 25,Gold,9508,15635,16318
2016,Birkin 25,Gold,9694,20877,14224
2017,Birkin 25,Gold,9826,21241,13326
2018,Birkin 25,Gold,10234,18197,18544
2019,Birkin 25,Gold,10619,19587,15820
2020,Birkin 25,Gold,10701,19189,19802
2021,Birkin 25,Gold,10887,19584,14468
2022,Birkin 25,Gold,10794,20376,19361
2023,Birkin 25,Gold,11880,27151,23212
2024,Birkin 25,Gold,11774,19539,13661
2025,Birkin 25,Gold,11026,19844,14814
2015,Birkin 25,Noir,8116,19062,12019
2016,Birkin 25,Noir,8414,12504,10919
2017,Birkin 25,Noir,8592,21177,10258
2018,Birkin 25,Noir,8648,20493,14147
2019,Birkin 25,Noir,9050,12004,17025
2020,Birkin 25,Noir,9428,12366,13392
2021,Birkin 25,Noir,9093,12453,13581
2022,Birkin 25,Noir,9752,23714,19046
2023,Birkin 25,Noir,9876,16410,11561
2024,Birkin 25,Noir,9958,21552,16579
2025,Birkin 25,Noir,10089,16688,17041
2015,Birkin 25,Etoupe,9027,12602,11563
2016,Birkin 25,Etoupe,9265,16049,18520
2017,Birkin 25,Etoupe,9374,21251,12600
2018,Birkin 25,Etoupe,9514,17301,12901
2019,Birkin 25,Etoupe,9668,21115,18482
2020,Birkin 25,Etoupe,9790,18774,17890
2021,Birkin 25,Etoupe,10663,24283,15648
2022,Birkin 25,Etoupe,11120,25335,22160
2023,Birkin 25,Etoupe,10510,20011,14857
2024,Birkin 25,Etoupe,11354,21844,22314
2025,Birkin 25,Etoupe,10938,18410,16437
2015,Birkin 25,Etain,9037,19076,16293
2016,Birkin 25,Etain,9324,22135,16147
2017,Birkin 25,Etain,9511,13045,18520
2018,Birkin 25,Etain,9857,22683,18916
2019,Birkin 25,Etain,10050,19601,16226
2020,Birkin 25,Etain,9980,23566,13265
2021,Birkin 25,Etain,10413,25663,16853
2022,Birkin 25,Etain,10235,16487,13083
2023,Birkin 25,Etain,11167,24347,22297
2024,Birkin 25,Etain,11505,17133,16953
2025,Birkin 25,Etain,11555,15164,19220
2015,Birkin 25,Craie,9933,15270,13767
2016,Birkin 25,Craie,10184,20268,13070
2017,Birkin 25,Craie,10390,14903,13934
2018,Birkin 25,Craie,10710,16349,11846
2019,Birkin 25,Craie,10697,17550,12282
2020,Birkin 25,Craie,10695,24875,15133
2021,Birkin 25,Craie,11708,19476,22319
2022,Birkin 25,Craie,11079,21998,21490
2023,Birkin 25,Craie,11941,27010,22322
2024,Birkin 25,Craie,12544,17819,19246
2025,Birkin 25,Craie,12164,18049,20233
2015,Birkin 25,Nata,10216,15495,15867
2016,Birkin 25,Nata,10482,25055,20296
2017,Birkin 25,Nata,10698,16797,19624
2018,Birkin 25,Nata,10771,19234,17174
2019,Birkin 25,Nata,11313,27653,20139
2020,Birkin 25,Nata,11035,14471,19481
2021,Birkin 25,Nata,11649,28405,20005
2022,Birkin 25,Nata,11378,20527,17950
2023,Birkin 25,Nata,11482,19791,13679
2024,Birkin 25,Nata,11655,20484,15573
2025,Birkin 25,Nata,12738,25922,15658
2015,Birkin 25,Rose Sakura,9214,22570,16939
2016,Birkin 25,Rose Sakura,9482,18420,15168
2017,Birkin 25,Rose Sakura,9586,16489,13243
2018,Birkin 25,Rose Sakura,9741,17049,12902
2019,Birkin 25,Rose Sakura,9933,23761,19139
2020,Birkin 25,Rose Sakura,10145,13728,16168
2021,Birkin 25,Rose Sakura,10837,25566,15102
2022,Birkin 25,Rose Sakura,11202,19463,19136
2023,Birkin 25,Rose Sakura,11234,17377,14436
2024,Birkin 25,Rose Sakura,10807,16660,12495
2025,Birkin 25,Rose Sakura,11647,29056,21555
2015,Birkin 25,Bleu Brume,9970,22103,12598
2016,Birkin 25,Bleu Brume,10193,17424,11762
2017,Birkin 25,Bleu Brume,10518,19535,18630
2018,Birkin 25,Bleu Brume,10761,24152,16051
2019,Birkin 25,Bleu Brume,10683,20971,12644
2020,Birkin 25,Bleu Brume,11302,23906,18349
2021,Birkin 25,Bleu Brume,11073,26728,16351
2022,Birkin 25,Bleu Brume,11448,22313,18750
2023,Birkin 25,Bleu Brume,12349,29172,17178
2024,Birkin 25,Bleu Brume,11826,18135,13723
2025,Birkin 25,Bleu Brume,12362,19713,23540
2015,Birkin 25,Vert Criquet,8062,12002,9909
2016,Birkin 25,Vert Criquet,8349,14011,15675
2017,Birkin 25,Vert Criquet,8432,20000,12245
2018,Birkin 25,Vert Criquet,8539,21334,13355
2019,Birkin 25,Vert Criquet,8715,12908,11870
2020,Birkin 25,Vert Criquet,9254,15110,18253
2021,Birkin 25,Vert Criquet,9010,13135,15195
2022,Birkin 25,Vert Criquet,9554,14435,11156
2023,Birkin 25,Vert Criquet,9673,21486,16808
2024,Birkin 25,Vert Criquet,9492,21357,15331
2025,Birkin 25,Vert Criquet,9563,19876,14948
2015,Birkin 30,Gold,8326,19191,11293
2016,Birkin 30,Gold,8603,18373,16531
2017,Birkin 30,Gold,8669,21254,13960
2018,Birkin 30,Gold,8876,14667,14365
2019,Birkin 30,Gold,9241,21441,16351
2020,Birkin 30,Gold,9117,13569,16322
2021,Birkin 30,Gold,9331,13844,17422
2022,Birkin 30,Gold,9875,16162,10893
2023,Birkin 30,Gold,9765,18831,13788
2024,Birkin 30,Gold,9909,20476,10941
2025,Birkin 30,Gold,11024,24083,14683
2015,Birkin 30,Noir,9599,21241,17619
2016,Birkin 30,Noir,9766,20902,15030
2017,Birkin 30,Noir,10141,17516,18772
2018,Birkin 30,Noir,10073,16358,13052
2019,Birkin 30,Noir,10700,20488,18226
2020,Birkin 30,Noir,10618,18241,19236
2021,Birkin 30,Noir,10599,17887,16628
2022,Birkin 30,Noir,11622,21367,17484
2023,Birkin 30,Noir,11833,29335,22573
2024,Birkin 30,Noir,11444,25768,17590
2025,Birkin 30,Noir,11990,20440,20369
2015,Birkin 30,Etoupe,10996,17568,15136
2016,Birkin 30,Etoupe,11160,16488,13182
2017,Birkin 30,Etoupe,11483,19834,13970
2018,Birkin 30,Etoupe,11809,26696,18534
2019,Birkin 30,Etoupe,11744,17191,21620
2020,Birkin 30,Etoupe,11771,19239,20585
2021,Birkin 30,Etoupe,12570,17226,19572
2022,Birkin 30,Etoupe,12353,20412,17934
2023,Birkin 30,Etoupe,12203,18563,24348
2024,Birkin 30,Etoupe,12988,19208,21273
2025,Birkin 30,Etoupe,12924,23737,22118
2015,Birkin 30,Etain,10557,15986,18625
2016,Birkin 30,Etain,10724,21224,13956
2017,Birkin 30,Etain,10946,20286,14644
2018,Birkin 30,Etain,11221,21139,19550
2019,Birkin 30,Etain,11743,22746,18243
2020,Birkin 30,Etain,11406,26116,15590
2021,Birkin 30,Etain,12078,26288,21273
2022,Birkin 30,Etain,12315,24830,17909
2023,Birkin 30,Etain,12253,28318,23945
2024,Birkin 30,Etain,12434,21703,21059
2025,Birkin 30,Etain,12832,20532,24583
2015,Birkin 30,Craie,8950,13880,10854
2016,Birkin 30,Craie,9141,12398,17415
2017,Birkin 30,Craie,9322,13223,17772
2018,Birkin 30,Craie,9803,20083,11123
2019,Birkin 30,Craie,9705,15373,11590
2020,Birkin 30,Craie,9900,15923,14928
2021,Birkin 30,Craie,9933,23759,19463
2022,Birkin 30,Craie,10065,19357,17088
2023,Birkin 30,Craie,11063,22683,16996
2024,Birkin 30,Craie,11065,26277,17425
2025,Birkin 30,Craie,11696,16102,18676
2015,Birkin 30,Nata,8572,13977,13932
2016,Birkin 30,Nata,8764,20806,16315
2017,Birkin 30,Nata,9067,17085,11076
2018,Birkin 30,Nata,9036,14685,14670
2019,Birkin 30,Nata,9278,17502,14609
2020,Birkin 30,Nata,9791,14701,15993
2021,Birkin 30,Nata,9550,13222,13080
2022,Birkin 30,Nata,9660,19303,15668
2023,Birkin 30,Nata,10508,17370,16773
2024,Birkin 30,Nata,10347,25339,12375
2025,Birkin 30,Nata,10321,18317,12333
2015,Birkin 30,Rose Sakura,7106,12802,10915
2016,Birkin 30,Rose Sakura,7276,12640,14265
2017,Birkin 30,Rose Sakura,7581,16182,14976
2018,Birkin 30,Rose Sakura,7913,15104,9955
2019,Birkin 30,Rose Sakura,7903,19455,15215
2020,Birkin 30,Rose Sakura,8150,19869,12105
2021,Birkin 30,Rose Sakura,8610,11835,10878
2022,Birkin 30,Rose Sakura,8489,11917,12296
2023,Birkin 30,Rose Sakura,9236,21114,12270
2024,Birkin 30,Rose Sakura,9710,18440,16553
2025,Birkin 30,Rose Sakura,8972,14669,16740
2015,Birkin 30,Bleu Brume,10612,24103,12062
2016,Birkin 30,Bleu Brume,10804,25536,14566
2017,Birkin 30,Bleu Brume,10968,25520,21597
2018,Birkin 30,Bleu Brume,11460,25590,19803
2019,Birkin 30,Bleu Brume,11341,24964,20791
2020,Birkin 30,Bleu Brume,11393,21496,18257
2021,Birkin 30,Bleu Brume,12330,23495,19083
2022,Birkin 30,Bleu Brume,12198,27051,21125
2023,Birkin 30,Bleu Brume,12210,23885,21761
2024,Birkin 30,Bleu Brume,12789,27645,17211
2025,Birkin 30,Bleu Brume,13287,31539,25141
2015,Birkin 30,Vert Criquet,7073,12719,10135
2016,Birkin 30,Vert Criquet,7256,13840,11454
2017,Birkin 30,Vert Criquet,7526,10324,15042
2018,Birkin 30,Vert Criquet,7722,13709,9790
2019,Birkin 30,Vert Criquet,7878,10247,9741
2020,Birkin 30,Vert Criquet,7842,18565,8874
2021,Birkin 30,Vert Criquet,8039,17193,12983
2022,Birkin 30,Vert Criquet,8605,16946,13734
2023,Birkin 30,Vert Criquet,9418,21695,11750
2024,Birkin 30,Vert Criquet,9666,23268,19206
2025,Birkin 30,Vert Criquet,9623,18774,14711
2015,Birkin 35,Gold,9091,18308,10753
2016,Birkin 35,Gold,9242,22896,15936
2017,Birkin 35,Gold,9519,18747,11193
2018,Birkin 35,Gold,9971,22159,12581
2019,Birkin 35,Gold,10030,17942,11241
2020,Birkin 35,Gold,10273,22762,15217
2021,Birkin 35,Gold,10138,18373,17850
2022,Birkin 35,Gold,10456,21396,20139
2023,Birkin 35,Gold,11336,18051,18536
2024,Birkin 35,Gold,11000,24310,17063
2025,Birkin 35,Gold,10959,24824,16537
2015,Birkin 35,Noir,11788,27095,18998
2016,Birkin 35,Noir,11956,23865,14004
2017,Birkin 35,Noir,12279,24294,19104
2018,Birkin 35,Noir,12321,23316,17924
2019,Birkin 35,Noir,12663,30007,23547
2020,Birkin 35,Noir,12924,29319,17249
2021,Birkin 35,Noir,13024,26775,19790
2022,Birkin 35,Noir,13064,19819,15910
2023,Birkin 35,Noir,13900,18470,27790
2024,Birkin 35,Noir,13949,24907,27028
2025,Birkin 35,Noir,13358,28681,16656
2015,Birkin 35,Etoupe,11722,20673,21489
2016,Birkin 35,Etoupe,11969,26951,17109
2017,Birkin 35,Etoupe,12069,28465,14164
2018,Birkin 35,Etoupe,12200,29199,19808
2019,Birkin 35,Etoupe,12442,28561,17148
2020,Birkin 35,Etoupe,12944,30669,17055
2021,Birkin 35,Etoupe,13034,24990,23654
2022,Birkin 35,Etoupe,12882,27182,18494
2023,Birkin 35,Etoupe,13263,28936,23438
2024,Birkin 35,Etoupe,13990,26550,16755
2025,Birkin 35,Etoupe,13353,23607,26194
2015,Birkin 35,Etain,11360,27987,22345
2016,Birkin 35,Etain,11607,16622,15084
2017,Birkin 35,Etain,11959,28164,22110
2018,Birkin 35,Etain,11821,20233,14750
2019,Birkin 35,Etain,12168,18062,22687
2020,Birkin 35,Etain,12587,29457,22058
2021,Birkin 35,Etain,12525,31300,21307
2022,Birkin 35,Etain,12441,19143,24276
2023,Birkin 35,Etain,12710,25262,17115
2024,Birkin 35,Etain,13844,32864,15451
2025,Birkin 35,Etain,13257,30884,24268
2015,Birkin 35,Craie,10247,14061,11306
2016,Birkin 35,Craie,10450,19097,20531
2017,Birkin 35,Craie,10620,23196,18672
2018,Birkin 35,Craie,10952,21538,17132
2019,Birkin 35,Craie,10976,22462,14754
2020,Birkin 35,Craie,11426,15052,20408
2021,Birkin 35,Craie,11640,18421,22062
2022,Birkin 35,Craie,12279,17541,20458
2023,Birkin 35,Craie,12383,23083,23342
2024,Birkin 35,Craie,11618,21651,15450
2025,Birkin 35,Craie,12937,31622,18859
2015,Birkin 35,Nata,10768,15633,12359
2016,Birkin 35,Nata,10928,25673,17459
2017,Birkin 35,Nata,11093,18524,14866
2018,Birkin 35,Nata,11499,16118,19624
2019,Birkin 35,Nata,11520,23196,20992
2020,Birkin 35,Nata,12095,30024,14223
2021,Birkin 35,Nata,12056,17037,19661
2022,Birkin 35,Nata,12467,22745,18523
2023,Birkin 35,Nata,11972,28055,13454
2024,Birkin 35,Nata,12238,25346,15273
2025,Birkin 35,Nata,13141,31433,17109
2015,Birkin 35,Rose Sakura,9351,17555,15394
2016,Birkin 35,Rose Sakura,9532,13011,13392
2017,Birkin 35,Rose Sakura,9931,23921,11693
2018,Birkin 35,Rose Sakura,10039,24741,16685
2019,Birkin 35,Rose Sakura,10052,22356,12636
2020,Birkin 35,Rose Sakura,10802,18878,16487
2021,Birkin 35,Rose Sakura,10518,19028,11769
2022,Birkin 35,Rose Sakura,11254,22514,13615
2023,Birkin 35,Rose Sakura,10726,23671,12230
2024,Birkin 35,Rose Sakura,11749,16723,18950
2025,Birkin 35,Rose Sakura,11617,18276,18210
2015,Birkin 35,Bleu Brume,7558,16232,10856
2016,Birkin 35,Bleu Brume,7710,17020,13565
2017,Birkin 35,Bleu Brume,8072,12671,14280
2018,Birkin 35,Bleu Brume,8214,11802,13250
2019,Birkin 35,Bleu Brume,8388,20643,9393
2020,Birkin 35,Bleu Brume,8977,16570,10250
2021,Birkin 35,Bleu Brume,8459,19060,13059
2022,Birkin 35,Bleu Brume,9184,14554,13381
2023,Birkin 35,Bleu Brume,9103,15207,14624
2024,Birkin 35,Bleu Brume,9989,14484,12152
2025,Birkin 35,Bleu Brume,9911,24565,17003
2015,Birkin 35,Vert Criquet,7712,12033,12364
2016,Birkin 35,Vert Criquet,7866,12449,9549
2017,Birkin 35,Vert Criquet,8126,15557,14205
2018,Birkin 35,Vert Criquet,8391,13910,15207
2019,Birkin 35,Vert Criquet,8740,14244,11945
2020,Birkin 35,Vert Criquet,8692,16152,13690
2021,Birkin 35,Vert Criquet,9212,21081,14994
2022,Birkin 35,Vert Criquet,9275,19239,11077
2023,Birkin 35,Vert Criquet,9367,19798,12044
2024,Birkin 35,Vert Criquet,9616,23111,13958
2025,Birkin 35,Vert Criquet,9826,22608,13321
2015,Kelly 20,Gold,7365,13649,11877
2016,Kelly 20,Gold,7642,10668,12524
2017,Kelly 20,Gold,7710,14003,9181
2018,Kelly 20,Gold,8003,14361,11514
2019,Kelly 20,Gold,8038,17849,15947
2020,Kelly 20,Gold,8568,13831,10397
2021,Kelly 20,Gold,8306,11306,13778
2022,Kelly 20,Gold,8416,17866,16408
2023,Kelly 20,Gold,9422,12251,12469
2024,Kelly 20,Gold,9326,13704,14896
2025,Kelly 20,Gold,8882,14647,16437
2015,Kelly 20,Noir,8454,14194,10028
2016,Kelly 20,Noir,8685,21476,12672
2017,Kelly 20,Noir,8822,14882,17197
2018,Kelly 20,Noir,9348,21758,18488
2019,Kelly 20,Noir,9600,18540,12719
2020,Kelly 20,Noir,9555,17990,13655
2021,Kelly 20,Noir,9778,15423,19039
2022,Kelly 20,Noir,10326,14303,16651
2023,Kelly 20,Noir,10610,20558,20765
2024,Kelly 20,Noir,10106,22042,15385
2025,Kelly 20,Noir,10195,18291,13215
2015,Kelly 20,Etoupe,7350,15638,10249
2016,Kelly 20,Etoupe,7513,11277,8774
2017,Kelly 20,Etoupe,7678,15189,10157
2018,Kelly 20,Etoupe,8170,16804,14461
2019,Kelly 20,Etoupe,8456,16701,10883
2020,Kelly 20,Etoupe,8836,15498,10759
2021,Kelly 20,Etoupe,8854,11982,17431
2022,Kelly 20,Etoupe,9438,16370,15896
2023,Kelly 20,Etoupe,9414,17477,14005
2024,Kelly 20,Etoupe,8959,14219,17220
2025,Kelly 20,Etoupe,8993,17511,11012
2015,Kelly 20,Etain,9759,22859,19075
2016,Kelly 20,Etain,9932,15271,14938
2017,Kelly 20,Etain,10140,23231,13005
2018,Kelly 20,Etain,10635,17838,16275
2019,Kelly 20,Etain,10800,15925,17313
2020,Kelly 20,Etain,11144,16701,16899
2021,Kelly 20,Etain,11019,24357,17655
2022,Kelly 20,Etain,11723,24787,19706
2023,Kelly 20,Etain,10964,19190,17157
2024,Kelly 20,Etain,11668,25578,21890
2025,Kelly 20,Etain,11801,16851,16156
2015,Kelly 20,Craie,9920,15520,11470
2016,Kelly 20,Craie,10197,18835,16341
2017,Kelly 20,Craie,10288,16404,17854
2018,Kelly 20,Craie,10438,25410,18373
2019,Kelly 20,Craie,10708,26400,15202
2020,Kelly 20,Craie,11054,16073,18057
2021,Kelly 20,Craie,11344,21272,19356
2022,Kelly 20,Craie,11254,22316,15386
2023,Kelly 20,Craie,11678,25056,14515
2024,Kelly 20,Craie,11862,20191,20107
2025,Kelly 20,Craie,11667,23413,18336
2015,Kelly 20,Nata,11745,23217,20942
2016,Kelly 20,Nata,12012,29850,23459
2017,Kelly 20,Nata,12085,18425,23725
2018,Kelly 20,Nata,12403,20420,16622
2019,Kelly 20,Nata,12787,27941,17997
2020,Kelly 20,Nata,12838,20387,21123
2021,Kelly 20,Nata,13078,29655,20841
2022,Kelly 20,Nata,13793,30366,16818
2023,Kelly 20,Nata,13304,24294,18688
2024,Kelly 20,Nata,13815,28735,23380
2025,Kelly 20,Nata,13539,18851,18922
2015,Kelly 20,Rose Sakura,7631,14258,13484
2016,Kelly 20,Rose Sakura,7809,16665,15138
2017,Kelly 20,Rose Sakura,8079,16654,13523
2018,Kelly 20,Rose Sakura,8494,11338,12278
2019,Kelly 20,Rose Sakura,8313,11057,13831
2020,Kelly 20,Rose Sakura,8809,18370,10877
2021,Kelly 20,Rose Sakura,9000,17415,15564
2022,Kelly 20,Rose Sakura,9118,20712,10484
2023,Kelly 20,Rose Sakura,9223,16174,15804
2024,Kelly 20,Rose Sakura,9440,16350,14469
2025,Kelly 20,Rose Sakura,9795,16027,16965
2015,Kelly 20,Bleu Brume,7351,11040,13621
2016,Kelly 20,Bleu Brume,7582,18812,14728
2017,Kelly 20,Bleu Brume,7662,12850,10925
2018,Kelly 20,Bleu Brume,8172,16750,15025
2019,Kelly 20,Bleu Brume,8242,17770,10499
2020,Kelly 20,Bleu Brume,8109,13837,9956
2021,Kelly 20,Bleu Brume,8367,11120,14672
2022,Kelly 20,Bleu Brume,8458,20926,16430
2023,Kelly 20,Bleu Brume,9285,20601,17179
2024,Kelly 20,Bleu Brume,9963,13201,14676
2025,Kelly 20,Bleu Brume,10270,21584,13216
2015,Kelly 20,Vert Criquet,9546,20908,12707
2016,Kelly 20,Vert Criquet,9699,16767,11788
2017,Kelly 20,Vert Criquet,10083,16562,12580
2018,Kelly 20,Vert Criquet,10216,23531,18886
2019,Kelly 20,Vert Criquet,10397,21442,19660
2020,Kelly 20,Vert Criquet,10731,16275,13191
2021,Kelly 20,Vert Criquet,10691,25141,16697
2022,Kelly 20,Vert Criquet,11626,24985,16493
2023,Kelly 20,Vert Criquet,10816,18889,19954
2024,Kelly 20,Vert Criquet,11202,26381,19436
2025,Kelly 20,Vert Criquet,12341,20296,19319
2015,Kelly 25,Gold,7570,18700,14214
2016,Kelly 25,Gold,7829,15758,15311
2017,Kelly 25,Gold,8003,12179,15382
2018,Kelly 25,Gold,8132,13308,12159
2019,Kelly 25,Gold,8241,16948,10241
2020,Kelly 25,Gold,8738,19659,9837
2021,Kelly 25,Gold,9339,17966,13821
2022,Kelly 25,Gold,9171,14648,10708
2023,Kelly 25,Gold,9321,14163,16970
2024,Kelly 25,Gold,9492,21024,17846
2025,Kelly 25,Gold,9296,15707,10385
2015,Kelly 25,Noir,9447,19863,16765
2016,Kelly 25,Noir,9608,22870,11520
2017,Kelly 25,Noir,9819,13435,13556
2018,Kelly 25,Noir,10114,24650,17491
2019,Kelly 25,Noir,10115,15550,12572
2020,Kelly 25,Noir,10481,20831,15438
2021,Kelly 25,Noir,10908,20453,18889
2022,Kelly 25,Noir,10999,16269,14967
2023,Kelly 25,Noir,10653,22770,16861
2024,Kelly 25,Noir,10989,15954,13170
2025,Kelly 25,Noir,11218,19649,12861
2015,Kelly 25,Etoupe,10277,18846,14244
2016,Kelly 25,Etoupe,10460,18000,17097
2017,Kelly 25,Etoupe,10738,21352,19047
2018,Kelly 25,Etoupe,10972,14273,20043
2019,Kelly 25,Etoupe,11042,26373,13123
2020,Kelly 25,Etoupe,11220,21189,19856
2021,Kelly 25,Etoupe,11196,17284,13325
2022,Kelly 25,Etoupe,11927,29013,21559
2023,Kelly 25,Etoupe,12015,26071,22491
2024,Kelly 25,Etoupe,12833,18174,21309
2025,Kelly 25,Etoupe,12252,29632,14434
2015,Kelly 25,Etain,11077,16794,19462
2016,Kelly 25,Etain,11227,26349,19654
2017,Kelly 25,Etain,11543,19110,14284
2018,Kelly 25,Etain,11618,24531,16238
2019,Kelly 25,Etain,11857,26364,18407
2020,Kelly 25,Etain,12368,17094,18685
2021,Kelly 25,Etain,12326,23535,20788
2022,Kelly 25,Etain,12281,19782,19035
2023,Kelly 25,Etain,12668,16851,16724
2024,Kelly 25,Etain,12748,31108,20034
2025,Kelly 25,Etain,13031,31952,18427
2015,Kelly 25,Craie,11073,26365,16744
2016,Kelly 25,Craie,11280,20743,13992
2017,Kelly 25,Craie,11469,19648,19265
2018,Kelly 25,Craie,11790,27577,13251
2019,Kelly 25,Craie,11823,28487,20047
2020,Kelly 25,Craie,11991,20631,14847
2021,Kelly 25,Craie,12708,30724,21119
2022,Kelly 25,Craie,12203,23497,22308
2023,Kelly 25,Craie,13241,17272,24214
2024,Kelly 25,Craie,12935,28570,20204
2025,Kelly 25,Craie,13069,19755,18432
2015,Kelly 25,Nata,8078,15248,8982
2016,Kelly 25,Nata,8291,13027,15318
2017,Kelly 25,Nata,8414,11229,11374
2018,Kelly 25,Nata,8894,16286,13411
2019,Kelly 25,Nata,8786,14040,16973
2020,Kelly 25,Nata,9196,14238,17405
2021,Kelly 25,Nata,9244,14852,18285
2022,Kelly 25,Nata,9594,16855,17026
2023,Kelly 25,Nata,9742,21999,15123
2024,Kelly 25,Nata,10125,21847,18659
2025,Kelly 25,Nata,9891,18189,15380
2015,Kelly 25,Rose Sakura,11505,15716,17446
2016,Kelly 25,Rose Sakura,11739,21225,14731
2017,Kelly 25,Rose Sakura,12008,27193,19906
2018,Kelly 25,Rose Sakura,12105,25450,22193
2019,Kelly 25,Rose Sakura,12486,27371,18939
2020,Kelly 25,Rose Sakura,12794,19212,20567
2021,Kelly 25,Rose Sakura,13124,18380,25818
2022,Kelly 25,Rose Sakura,13295,29616,22104
2023,Kelly 25,Rose Sakura,13258,18708,25854
2024,Kelly 25,Rose Sakura,13396,21369,21397
2025,Kelly 25,Rose Sakura,13276,21761,22692
2015,Kelly 25,Bleu Brume,9168,12421,10090
2016,Kelly 25,Bleu Brume,9400,19329,12644
2017,Kelly 25,Bleu Brume,9567,22019,12697
2018,Kelly 25,Bleu Brume,10035,25021,19176
2019,Kelly 25,Bleu Brume,10068,20648,11808
2020,Kelly 25,Bleu Brume,10053,19820,19118
2021,Kelly 25,Bleu Brume,10171,21271,11539
2022,Kelly 25,Bleu Brume,10473,19074,16352
2023,Kelly 25,Bleu Brume,10661,22757,20755
2024,Kelly 25,Bleu Brume,11325,17980,14429
2025,Kelly 25,Bleu Brume,11948,27807,17689
2015,Kelly 25,Vert Criquet,10776,22063,19897
2016,Kelly 25,Vert Criquet,11045,20541,17014
2017,Kelly 25,Vert Criquet,11152,23528,16697
2018,Kelly 25,Vert Criquet,11361,28040,22082
2019,Kelly 25,Vert Criquet,11708,17916,15240
2020,Kelly 25,Vert Criquet,11975,16185,18058
2021,Kelly 25,Vert Criquet,12262,17430,18000
2022,Kelly 25,Vert Criquet,12064,23087,23298
2023,Kelly 25,Vert Criquet,12952,23139,17152
2024,Kelly 25,Vert Criquet,12260,16801,17170
2025,Kelly 25,Vert Criquet,13603,31745,24154
2015,Kelly 28,Gold,11485,23510,14655
2016,Kelly 28,Gold,11681,19851,13752
2017,Kelly 28,Gold,11883,23433,21780
2018,Kelly 28,Gold,12118,19130,19878
2019,Kelly 28,Gold,12540,17636,20156
2020,Kelly 28,Gold,12821,21223,14149
2021,Kelly 28,Gold,13268,30992,21065
2022,Kelly 28,Gold,12965,20223,23573
2023,Kelly 28,Gold,13420,33377,24208
2024,Kelly 28,Gold,13078,32623,17452
2025,Kelly 28,Gold,13527,25776,17019
2015,Kelly 28,Noir,9661,19291,11110
2016,Kelly 28,Noir,9913,20382,12102
2017,Kelly 28,Noir,9969,18479,17845
2018,Kelly 28,Noir,10480,22607,16323
2019,Kelly 28,Noir,10741,19202,19158
2020,Kelly 28,Noir,11038,19834,18990
2021,Kelly 28,Noir,10995,20404,19480
2022,Kelly 28,Noir,11737,26134,19872
2023,Kelly 28,Noir,11009,25945,13614
2024,Kelly 28,Noir,11906,16263,21921
2025,Kelly 28,Noir,11448,20016,18609
2015,Kelly 28,Etoupe,7995,19496,12853
2016,Kelly 28,Etoupe,8228,12816,13586
2017,Kelly 28,Etoupe,8474,20978,13669
2018,Kelly 28,Etoupe,8667,21028,11112
2019,Kelly 28,Etoupe,8930,19675,13473
2020,Kelly 28,Etoupe,9298,13465,15512
2021,Kelly 28,Etoupe,9093,13483,15488
2022,Kelly 28,Etoupe,9626,22399,11126
2023,Kelly 28,Etoupe,10061,16212,19914
2024,Kelly 28,Etoupe,10321,15105,19788
2025,Kelly 28,Etoupe,9577,15560,14085
2015,Kelly 28,Etain,9035,20700,10213
2016,Kelly 28,Etain,9214,15215,17551
2017,Kelly 28,Etain,9409,21424,12753
2018,Kelly 28,Etain,9870,12966,17771
2019,Kelly 28,Etain,10153,17748,14870
2020,Kelly 28,Etain,9873,18204,11634
2021,Kelly 28,Etain,10454,21642,13934
2022,Kelly 28,Etain,11003,16520,13731
2023,Kelly 28,Etain,11142,23123,20450
2024,Kelly 28,Etain,10638,19295,14567
2025,Kelly 28,Etain,10905,16285,14275
2015,Kelly 28,Craie,11183,15383,12365
2016,Kelly 28,Craie,11337,21649,15961
2017,Kelly 28,Craie,11612,20330,15066
2018,Kelly 28,Craie,11914,18991,18083
2019,Kelly 28,Craie,12351,26947,19638
2020,Kelly 28,Craie,12585,17645,22041
2021,Kelly 28,Craie,12452,28681,21177
2022,Kelly 28,Craie,12363,25402,16626
2023,Kelly 28,Craie,13548,21483,21575
2024,Kelly 28,Craie,13571,23903,26398
2025,Kelly 28,Craie,13299,21144,16013
2015,Kelly 28,Nata,11744,24490,13233
2016,Kelly 28,Nata,12027,17984,21925
2017,Kelly 28,Nata,12231,16831,21503
2018,Kelly 28,Nata,12217,21057,21552
2019,Kelly 28,Nata,12736,26374,23855
2020,Kelly 28,Nata,12545,27812,22372
2021,Kelly 28,Nata,12955,31316,21028
2022,Kelly 28,Nata,12838,18183,20091
2023,Kelly 28,Nata,13014,21687,14418
2024,Kelly 28,Nata,13405,32321,18904
2025,Kelly 28,Nata,13418,19368,17657
2015,Kelly 28,Rose Sakura,11477,22933,19314
2016,Kelly 28,Rose Sakura,11720,20027,19913
2017,Kelly 28,Rose Sakura,11819,27143,20556
2018,Kelly 28,Rose Sakura,12127,27991,20873
2019,Kelly 28,Rose Sakura,12369,18416,21323
2020,Kelly 28,Rose Sakura,12299,19359,21281
2021,Kelly 28,Rose Sakura,12981,19055,20190
2022,Kelly 28,Rose Sakura,13064,29415,16754
2023,Kelly 28,Rose Sakura,13039,23826,18621
2024,Kelly 28,Rose Sakura,13290,19483,19141
2025,Kelly 28,Rose Sakura,13997,25333,25185
2015,Kelly 28,Bleu Brume,11142,17381,18935
2016,Kelly 28,Bleu Brume,11358,27760,13787
2017,Kelly 28,Bleu Brume,11606,24669,14384
2018,Kelly 28,Bleu Brume,11907,23680,15004
2019,Kelly 28,Bleu Brume,11821,27677,17770
2020,Kelly 28,Bleu Brume,12551,28182,22186
2021,Kelly 28,Bleu Brume,12167,17825,19710
2022,Kelly 28,Bleu Brume,12311,28697,15262
2023,Kelly 28,Bleu Brume,13161,30569,25143
2024,Kelly 28,Bleu Brume,12652,29629,15871
2025,Kelly 28,Bleu Brume,12805,28760,15326
2015,Kelly 28,Vert Criquet,7019,11735,13407
2016,Kelly 28,Vert Criquet,7242,10747,8183
2017,Kelly 28,Vert Criquet,7614,10271,14990
2018,Kelly 28,Vert Criquet,7564,17413,13278
2019,Kelly 28,Vert Criquet,8120,11477,10639
2020,Kelly 28,Vert Criquet,8115,11033,11551
2021,Kelly 28,Vert Criquet,8036,13271,11829
2022,Kelly 28,Vert Criquet,9018,14046,12203
2023,Kelly 28,Vert Criquet,9318,16357,15527
2024,Kelly 28,Vert Criquet,8877,11734,11015
2025,Kelly 28,Vert Criquet,9303,16393,15528
2015,Kelly 32,Gold,9983,18308,16448
2016,Kelly 32,Gold,10150,18752,19533
2017,Kelly 32,Gold,10489,22907,11839
2018,Kelly 32,Gold,10474,23624,20888
2019,Kelly 32,Gold,11071,22697,16374
2020,Kelly 32,Gold,10888,15351,20356
2021,Kelly 32,Gold,11257,26132,16838
2022,Kelly 32,Gold,11561,18090,21959
2023,Kelly 32,Gold,11383,24683,21909
2024,Kelly 32,Gold,11619,27713,19788
2025,Kelly 32,Gold,11682,23223,15937
2015,Kelly 32,Noir,9188,17681,13706
2016,Kelly 32,Noir,9448,18651,16215
2017,Kelly 32,Noir,9760,15877,11640
2018,Kelly 32,Noir,9666,15424,14107
2019,Kelly 32,Noir,10323,18938,14092
2020,Kelly 32,Noir,10083,16706,17264
2021,Kelly 32,Noir,10404,18984,18884
2022,Kelly 32,Noir,11106,16351,21821
2023,Kelly 32,Noir,10651,25310,11885
2024,Kelly 32,Noir,11023,16549,15494
2025,Kelly 32,Noir,11217,17412,17032
2015,Kelly 32,Etoupe,10435,16237,14217
2016,Kelly 32,Etoupe,10660,19370,18430
2017,Kelly 32,Etoupe,10944,15781,21405
2018,Kelly 32,Etoupe,11000,18142,12277
2019,Kelly 32,Etoupe,11329,26187,12704
2020,Kelly 32,Etoupe,11816,29208,21152
2021,Kelly 32,Etoupe,11568,17363,22125
2022,Kelly 32,Etoupe,11804,18495,17456
2023,Kelly 32,Etoupe,11680,17033,18112
2024,Kelly 32,Etoupe,12866,30092,18398
2025,Kelly 32,Etoupe,12414,21348,22381
2015,Kelly 32,Etain,10449,21322,14108
2016,Kelly 32,Etain,10711,16615,13851
2017,Kelly 32,Etain,10999,19179,19369
2018,Kelly 32,Etain,10962,17175,15711
2019,Kelly 32,Etain,11057,23786,17450
2020,Kelly 32,Etain,11356,26491,15750
2021,Kelly 32,Etain,12216,26021,20134
2022,Kelly 32,Etain,11947,28172,14287
2023,Kelly 32,Etain,12843,31017,16459
2024,Kelly 32,Etain,12417,19139,19658
2025,Kelly 32,Etain,12639,30022,23730
2015,Kelly 32,Craie,11147,20879,18402
2016,Kelly 32,Craie,11364,25771,19716
2017,Kelly 32,Craie,11705,28279,20592
2018,Kelly 32,Craie,11856,28864,15631
2019,Kelly 32,Craie,12295,16470,13732
2020,Kelly 32,Craie,11943,27962,19543
2021,Kelly 32,Craie,12556,26771,18049
2022,Kelly 32,Craie,12260,26096,14406
2023,Kelly 32,Craie,12441,20371,15657
2024,Kelly 32,Craie,13653,23853,19513
2025,Kelly 32,Craie,13513,24671,26852
2015,Kelly 32,Nata,8631,12590,17257
2016,Kelly 32,Nata,8895,19276,15940
2017,Kelly 32,Nata,9019,13166,16686
2018,Kelly 32,Nata,9137,17069,10149
2019,Kelly 32,Nata,9478,13721,17861
2020,Kelly 32,Nata,9632,22460,10601
2021,Kelly 32,Nata,9778,24157,14927
2022,Kelly 32,Nata,10700,16283,12542
2023,Kelly 32,Nata,10995,23283,16311
2024,Kelly 32,Nata,10878,20362,17778
2025,Kelly 32,Nata,10742,18943,13882
2015,Kelly 32,Rose Sakura,8959,17060,11655
2016,Kelly 32,Rose Sakura,9240,20062,14015
2017,Kelly 32,Rose Sakura,9295,17117,11874
2018,Kelly 32,Rose Sakura,9856,19755,11563
2019,Kelly 32,Rose Sakura,9715,19306,14270
2020,Kelly 32,Rose Sakura,9935,24641,17565
2021,Kelly 32,Rose Sakura,10168,20366,13983
2022,Kelly 32,Rose Sakura,10699,23365,12533
2023,Kelly 32,Rose Sakura,10906,22174,12274
2024,Kelly 32,Rose Sakura,10594,23256,19646
2025,Kelly 32,Rose Sakura,10934,16776,21384
2015,Kelly 32,Bleu Brume,11643,29018,17042
2016,Kelly 32,Bleu Brume,11802,18991,13428
2017,Kelly 32,Bleu Brume,11972,22274,18783
2018,Kelly 32,Bleu Brume,12507,28018,20850
2019,Kelly 32,Bleu Brume,12712,21178,21376
2020,Kelly 32,Bleu Brume,12493,28057,16170
2021,Kelly 32,Bleu Brume,13235,31330,16629
2022,Kelly 32,Bleu Brume,13593,20294,22631
2023,Kelly 32,Bleu Brume,12976,30965,18095
2024,Kelly 32,Bleu Brume,13986,32855,24994
2025,Kelly 32,Bleu Brume,13500,25772,18899
2015,Kelly 32,Vert Criquet,9212,15994,10162
2016,Kelly 32,Vert Criquet,9449,15799,16037
2017,Kelly 32,Vert Criquet,9599,21266,15897
2018,Kelly 32,Vert Criquet,9906,20052,19503
2019,Kelly 32,Vert Criquet,9894,19455,15233
2020,Kelly 32,Vert Criquet,10122,20387,14716
2021,Kelly 32,Vert Criquet,10390,16311,18436
2022,Kelly 32,Vert Criquet,11145,17230,19584
2023,Kelly 32,Vert Criquet,10850,21442,21567
2024,Kelly 32,Vert Criquet,10820,23167,12646
2025,Kelly 32,Vert Criquet,11296,21701,13507
2015,Kelly Pochette,Gold,10088,21386,14122
2016,Kelly Pochette,Gold,10387,21518,13732
2017,Kelly Pochette,Gold,10617,19836,14161
2018,Kelly Pochette,Gold,10622,19081,14595
2019,Kelly Pochette,Gold,10871,21107,19879
2020,Kelly Pochette,Gold,11469,23604,21287
2021,Kelly Pochette,Gold,11479,19996,13789
2022,Kelly Pochette,Gold,11769,16851,18705
2023,Kelly Pochette,Gold,11305,26044,20243
2024,Kelly Pochette,Gold,11933,17962,20409
2025,Kelly Pochette,Gold,12808,27523,16563
2015,Kelly Pochette,Noir,9957,16049,12557
2016,Kelly Pochette,Noir,10231,22668,13430
2017,Kelly Pochette,Noir,10541,15619,20673
2018,Kelly Pochette,Noir,10490,22497,13176
2019,Kelly Pochette,Noir,10776,20088,15065
2020,Kelly Pochette,Noir,10744,14870,14841
2021,Kelly Pochette,Noir,11093,19521,17034
2022,Kelly Pochette,Noir,11713,27382,14207
2023,Kelly Pochette,Noir,11259,27560,19204
2024,Kelly Pochette,Noir,11735,27630,20427
2025,Kelly Pochette,Noir,12058,20864,19006
2015,Kelly Pochette,Etoupe,7412,15294,14378
2016,Kelly Pochette,Etoupe,7581,17941,11481
2017,Kelly Pochette,Etoupe,7933,18568,15431
2018,Kelly Pochette,Etoupe,8110,19686,14966
2019,Kelly Pochette,Etoupe,8425,14554,15163
2020,Kelly Pochette,Etoupe,8327,17700,15260
2021,Kelly Pochette,Etoupe,9142,14489,11555
2022,Kelly Pochette,Etoupe,9007,13194,17014
2023,Kelly Pochette,Etoupe,9390,17360,10545
2024,Kelly Pochette,Etoupe,8814,21474,15409
2025,Kelly Pochette,Etoupe,9202,17004,12070
2015,Kelly Pochette,Etain,11782,23134,20639
2016,Kelly Pochette,Etain,12006,25222,19522
2017,Kelly Pochette,Etain,12362,29848,22302
2018,Kelly Pochette,Etain,12456,28185,23204
2019,Kelly Pochette,Etain,12552,20254,23315
2020,Kelly Pochette,Etain,12727,29537,19193
2021,Kelly Pochette,Etain,12992,22002,19131
2022,Kelly Pochette,Etain,13760,22799,16901
2023,Kelly Pochette,Etain,13860,28973,25236
2024,Kelly Pochette,Etain,13258,20008,23506
2025,Kelly Pochette,Etain,13643,25497,16826
2015,Kelly Pochette,Craie,8353,19293,10843
2016,Kelly Pochette,Craie,8559,11988,15500
2017,Kelly Pochette,Craie,8930,17255,16005
2018,Kelly Pochette,Craie,9056,18271,17718
2019,Kelly Pochette,Craie,9399,21371,17041
2020,Kelly Pochette,Craie,9280,17126,17834
2021,Kelly Pochette,Craie,10121,24322,15760
2022,Kelly Pochette,Craie,9848,22291,15635
2023,Kelly Pochette,Craie,9588,23068,16781
2024,Kelly Pochette,Craie,10069,15740,16892
2025,Kelly Pochette,Craie,11155,15515,12608
2015,Kelly Pochette,Nata,9097,13325,16849
2016,Kelly Pochette,Nata,9328,18373,17350
2017,Kelly Pochette,Nata,9555,15373,15578
2018,Kelly Pochette,Nata,9703,15375,16437
2019,Kelly Pochette,Nata,10182,17270,12084
2020,Kelly Pochette,Nata,10216,13754,20097
2021,Kelly Pochette,Nata,10757,17114,13220
2022,Kelly Pochette,Nata,10495,14663,13491
2023,Kelly Pochette,Nata,10984,21279,17777
2024,Kelly Pochette,Nata,11318,24234,19352
2025,Kelly Pochette,Nata,11232,20464,14591
2015,Kelly Pochette,Rose Sakura,7104,16254,9245
2016,Kelly Pochette,Rose Sakura,7400,17739,12971
2017,Kelly Pochette,Rose Sakura,7581,11306,11372
2018,Kelly Pochette,Rose Sakura,7696,10940,9639
2019,Kelly Pochette,Rose Sakura,7965,12111,13029
2020,Kelly Pochette,Rose Sakura,8415,13276,10043
2021,Kelly Pochette,Rose Sakura,8337,18486,13777
2022,Kelly Pochette,Rose Sakura,8713,20658,14328
2023,Kelly Pochette,Rose Sakura,8937,15567,10449
2024,Kelly Pochette,Rose Sakura,9577,21823,18229
2025,Kelly Pochette,Rose Sakura,10094,18730,16493
2015,Kelly Pochette,Bleu Brume,7404,17090,10137
2016,Kelly Pochette,Bleu Brume,7586,17257,13610
2017,Kelly Pochette,Bleu Brume,7743,19086,11245
2018,Kelly Pochette,Bleu Brume,7947,14086,15031
2019,Kelly Pochette,Bleu Brume,8171,15213,12591
2020,Kelly Pochette,Bleu Brume,8383,19977,12852
2021,Kelly Pochette,Bleu Brume,8863,16958,15569
2022,Kelly Pochette,Bleu Brume,8480,15390,14326
2023,Kelly Pochette,Bleu Brume,9526,18744,14139
2024,Kelly Pochette,Bleu Brume,9911,15752,11862
2025,Kelly Pochette,Bleu Brume,9192,15908,17751
2015,Kelly Pochette,Vert Criquet,9575,23896,10721
2016,Kelly Pochette,Vert Criquet,9781,17564,16379
2017,Kelly Pochette,Vert Criquet,10068,20684,11266
2018,Kelly Pochette,Vert Criquet,10474,20249,12400
2019,Kelly Pochette,Vert Criquet,10209,16432,12543
2020,Kelly Pochette,Vert Criquet,10794,14474,20255
2021,Kelly Pochette,Vert Criquet,10705,16096,12602
2022,Kelly Pochette,Vert Criquet,11222,17764,20444
2023,Kelly Pochette,Vert Criquet,11048,19269,20875
2024,Kelly Pochette,Vert Criquet,11985,24562,18375
2025,Kelly Pochette,Vert Criquet,11821,18621,21027
2015,Kelly Cut,Gold,9321,15423,12677
2016,Kelly Cut,Gold,9578,23398,18638
2017,Kelly Cut,Gold,9749,18737,12572
2018,Kelly Cut,Gold,9959,15158,15821
2019,Kelly Cut,Gold,10220,23710,12041
2020,Kelly Cut,Gold,10477,24122,20890
2021,Kelly Cut,Gold,10871,18156,19668
2022,Kelly Cut,Gold,10994,19393,16806
2023,Kelly Cut,Gold,10589,22291,20605
2024,Kelly Cut,Gold,11442,18574,14271
2025,Kelly Cut,Gold,12112,18363,16060
2015,Kelly Cut,Noir,11169,17118,15543
2016,Kelly Cut,Noir,11426,16201,14162
2017,Kelly Cut,Noir,11553,22886,14588
2018,Kelly Cut,Noir,11881,26038,21223
2019,Kelly Cut,Noir,11995,23876,15291
2020,Kelly Cut,Noir,12063,28922,19878
2021,Kelly Cut,Noir,12187,17199,23938
2022,Kelly Cut,Noir,12302,29692,20949
2023,Kelly Cut,Noir,12585,29461,18300
2024,Kelly Cut,Noir,12581,17687,22896
2025,Kelly Cut,Noir,13645,23084,23955
2015,Kelly Cut,Etoupe,10984,26397,21199
2016,Kelly Cut,Etoupe,11162,18601,16912
2017,Kelly Cut,Etoupe,11404,16804,15843
2018,Kelly Cut,Etoupe,11737,26584,18315
2019,Kelly Cut,Etoupe,11957,23570,17661
2020,Kelly Cut,Etoupe,12030,18115,22448
2021,Kelly Cut,Etoupe,12244,30091,24463
2022,Kelly Cut,Etoupe,12093,24886,20225
2023,Kelly Cut,Etoupe,13178,22704,17051
2024,Kelly Cut,Etoupe,13236,30646,20612
2025,Kelly Cut,Etoupe,12776,26959,18288
2015,Kelly Cut,Etain,7833,11492,13193
2016,Kelly Cut,Etain,8075,16023,10425
2017,Kelly Cut,Etain,8223,11345,11892
2018,Kelly Cut,Etain,8304,11222,12034
2019,Kelly Cut,Etain,8473,12989,14454
2020,Kelly Cut,Etain,8768,11990,13563
2021,Kelly Cut,Etain,9514,19693,12792
2022,Kelly Cut,Etain,9807,17083,16018
2023,Kelly Cut,Etain,10209,25521,11481
2024,Kelly Cut,Etain,10416,22974,18743
2025,Kelly Cut,Etain,10243,14421,14010
2015,Kelly Cut,Craie,8392,16584,11980
2016,Kelly Cut,Craie,8689,19400,16643
2017,Kelly Cut,Craie,8778,20895,11532
2018,Kelly Cut,Craie,8887,18117,9969
2019,Kelly Cut,Craie,9481,12483,10971
2020,Kelly Cut,Craie,9283,13772,16126
2021,Kelly Cut,Craie,9715,13357,17862
2022,Kelly Cut,Craie,10475,22048,14654
2023,Kelly Cut,Craie,10412,15578,17595
2024,Kelly Cut,Craie,10424,18663,18012
2025,Kelly Cut,Craie,10914,23528,17114
2015,Kelly Cut,Nata,9978,21709,19781
2016,Kelly Cut,Nata,10211,16404,16057
2017,Kelly Cut,Nata,10568,22622,12453
2018,Kelly Cut,Nata,10756,17634,18035
2019,Kelly Cut,Nata,11039,25156,19304
2020,Kelly Cut,Nata,11276,16029,18125
2021,Kelly Cut,Nata,11532,18335,13077
2022,Kelly Cut,Nata,11626,23366,17044
2023,Kelly Cut,Nata,12041,17265,21186
2024,Kelly Cut,Nata,12086,17571,17633
2025,Kelly Cut,Nata,11947,24193,18346
2015,Kelly Cut,Rose Sakura,9886,18918,13010
2016,Kelly Cut,Rose Sakura,10093,16867,19239
2017,Kelly Cut,Rose Sakura,10272,24164,15021
2018,Kelly Cut,Rose Sakura,10575,20765,20621
2019,Kelly Cut,Rose Sakura,10525,22938,15299
2020,Kelly Cut,Rose Sakura,11290,20840,15944
2021,Kelly Cut,Rose Sakura,10828,16213,16802
2022,Kelly Cut,Rose Sakura,11877,19994,16879
2023,Kelly Cut,Rose Sakura,11353,21486,12917
2024,Kelly Cut,Rose Sakura,12359,20718,23479
2025,Kelly Cut,Rose Sakura,11431,23774,19805
2015,Kelly Cut,Bleu Brume,11231,23946,20138
2016,Kelly Cut,Bleu Brume,11393,23051,20535
2017,Kelly Cut,Bleu Brume,11734,27466,14729
2018,Kelly Cut,Bleu Brume,12057,27932,17980
2019,Kelly Cut,Bleu Brume,11993,24970,21733
2020,Kelly Cut,Bleu Brume,12660,21994,19805
2021,Kelly Cut,Bleu Brume,12319,19118,18658
2022,Kelly Cut,Bleu Brume,13051,29489,21104
2023,Kelly Cut,Bleu Brume,12976,17271,25100
2024,Kelly Cut,Bleu Brume,13821,33144,22127
2025,Kelly Cut,Bleu Brume,12866,19768,23319
2015,Kelly Cut,Vert Criquet,9988,17476,17853
2016,Kelly Cut,Vert Criquet,10258,22190,15701
2017,Kelly Cut,Vert Criquet,10330,20593,17741
2018,Kelly Cut,Vert Criquet,10617,22324,17825
2019,Kelly Cut,Vert Criquet,10894,15887,21755
2020,Kelly Cut,Vert Criquet,11232,27210,12539
2021,Kelly Cut,Vert Criquet,10993,16214,17077
2022,Kelly Cut,Vert Criquet,11192,22952,22379
2023,Kelly Cut,Vert Criquet,12255,25434,21927
2024,Kelly Cut,Vert Criquet,12214,29642,21750
2025,Kelly Cut,Vert Criquet,12946,26763,24671
2015,Constance 18,Gold,11805,28887,20211
2016,Constance 18,Gold,11985,29143,23038
2017,Constance 18,Gold,12362,27830,14285
2018,Constance 18,Gold,12653,29215,21644
2019,Constance 18,Gold,12580,26241,25055
2020,Constance 18,Gold,12927,24619,18617
2021,Constance 18,Gold,13373,29431,22602
2022,Constance 18,Gold,13415,27977,26593
2023,Constance 18,Gold,13149,32759,21130
2024,Constance 18,Gold,13353,28913,16086
2025,Constance 18,Gold,14015,23057,26993
2015,Constance 18,Noir,11780,21825,17018
2016,Constance 18,Noir,11987,24421,22856
2017,Constance 18,Noir,12232,20323,24039
2018,Constance 18,Noir,12636,26293,21569
2019,Constance 18,Noir,12489,19180,17782
2020,Constance 18,Noir,13070,29159,18581
2021,Constance 18,Noir,13266,28063,24539
2022,Constance 18,Noir,13034,19095,24262
2023,Constance 18,Noir,13127,18130,24014
2024,Constance 18,Noir,13648,18761,16994
2025,Constance 18,Noir,13516,33179,19828
2015,Constance 18,Etoupe,10262,25157,17512
2016,Constance 18,Etoupe,10514,22007,18681
2017,Constance 18,Etoupe,10576,24614,14274
2018,Constance 18,Etoupe,10974,20097,18472
2019,Constance 18,Etoupe,11114,25938,12883
2020,Constance 18,Etoupe,11468,28388,18344
2021,Constance 18,Etoupe,11200,20258,13214
2022,Constance 18,Etoupe,11954,17254,16296
2023,Constance 18,Etoupe,12417,18533,20453
2024,Constance 18,Etoupe,12046,21206,24069
2025,Constance 18,Etoupe,12530,21764,14734
2015,Constance 18,Etain,7697,11290,8610
2016,Constance 18,Etain,7950,18659,10266
2017,Constance 18,Etain,8029,12390,11134
2018,Constance 18,Etain,8198,11702,12663
2019,Constance 18,Etain,8655,20884,12969
2020,Constance 18,Etain,8691,18833,11790
2021,Constance 18,Etain,8916,15808,16916
2022,Constance 18,Etain,9314,16905,13845
2023,Constance 18,Etain,9550,20962,17886
2024,Constance 18,Etain,10393,18433,16973
2025,Constance 18,Etain,9232,20056,16640
2015,Constance 18,Craie,8784,11714,17076
2016,Constance 18,Craie,8996,17898,10404
2017,Constance 18,Craie,9250,18662,10276
2018,Constance 18,Craie,9378,20621,11027
2019,Constance 18,Craie,9596,19906,18027
2020,Constance 18,Craie,9895,24458,15884
2021,Constance 18,Craie,10194,23606,15680
2022,Constance 18,Craie,10209,23937,19757
2023,Constance 18,Craie,10005,20703,17953
2024,Constance 18,Craie,10349,21470,12787
2025,Constance 18,Craie,11772,29370,20531
2015,Constance 18,Nata,11622,22706,22747
2016,Constance 18,Nata,11852,23642,15461
2017,Constance 18,Nata,12199,22713,14477
2018,Constance 18,Nata,12266,29832,16749
2019,Constance 18,Nata,12665,25972,14635
2020,Constance 18,Nata,13021,30255,24611
2021,Constance 18,Nata,12529,18743,20599
2022,Constance 18,Nata,13148,21728,21015
2023,Constance 18,Nata,13182,18844,15567
2024,Constance 18,Nata,14274,24484,24664
2025,Constance 18,Nata,13522,30176,19797
2015,Constance 18,Rose Sakura,10806,26163,14677
2016,Constance 18,Rose Sakura,10993,18215,16585
2017,Constance 18,Rose Sakura,11266,23486,15224
2018,Constance 18,Rose Sakura,11570,28668,17529
2019,Constance 18,Rose Sakura,11420,23450,16074
2020,Constance 18,Rose Sakura,11973,21864,15869
2021,Constance 18,Rose Sakura,11860,23134,20028
2022,Constance 18,Rose Sakura,12733,31074,21529
2023,Constance 18,Rose Sakura,12096,20830,15353
2024,Constance 18,Rose Sakura,12653,26352,22138
2025,Constance 18,Rose Sakura,12734,16962,15961
2015,Constance 18,Bleu Brume,8572,17582,9658
2016,Constance 18,Bleu Brume,8819,11676,16274
2017,Constance 18,Bleu Brume,9090,19761,12707
2018,Constance 18,Bleu Brume,9366,21498,13685
2019,Constance 18,Bleu Brume,9258,19427,16768
2020,Constance 18,Bleu Brume,9698,18021,13677
2021,Constance 18,Bleu Brume,9612,16900,11757
2022,Constance 18,Bleu Brume,10013,13546,12480
2023,Constance 18,Bleu Brume,10116,24529,13804
2024,Constance 18,Bleu Brume,11157,27614,17261
2025,Constance 18,Bleu Brume,11191,22622,19681
2015,Constance 18,Vert Criquet,7439,16452,14260
2016,Constance 18,Vert Criquet,7595,14879,14281
2017,Constance 18,Vert Criquet,8031,19110,15504
2018,Constance 18,Vert Criquet,8133,12031,14103
2019,Constance 18,Vert Criquet,8574,21132,13737
2020,Constance 18,Vert Criquet,8274,13428,10887
2021,Constance 18,Vert Criquet,8473,12330,14373
2022,Constance 18,Vert Criquet,9068,19789,15664
2023,Constance 18,Vert Criquet,9192,19433,11017
2024,Constance 18,Vert Criquet,9802,17664,11210
2025,Constance 18,Vert Criquet,10139,25074,16754
2015,Constance 24,Gold,10686,21527,16364
2016,Constance 24,Gold,10925,20179,18352
2017,Constance 24,Gold,11257,26490,17863
2018,Constance 24,Gold,11466,18407,15324
2019,Constance 24,Gold,11578,22391,16587
2020,Constance 24,Gold,11508,19506,13248
2021,Constance 24,Gold,12076,27729,22626
2022,Constance 24,Gold,12341,17845,21304
2023,Constance 24,Gold,12353,17868,16253
2024,Constance 24,Gold,12952,31303,19324
2025,Constance 24,Gold,13282,30301,16288
2015,Constance 24,Noir,10993,14467,18288
2016,Constance 24,Noir,11247,22372,14909
2017,Constance 24,Noir,11548,19580,20975
2018,Constance 24,Noir,11782,28164,12976
2019,Constance 24,Noir,11800,22936,20307
2020,Constance 24,Noir,11788,15672,22131
2021,Constance 24,Noir,12225,28197,20288
2022,Constance 24,Noir,12075,16374,20897
2023,Constance 24,Noir,12440,24153,15088
2024,Constance 24,Noir,13430,21861,21535
2025,Constance 24,Noir,13944,25040,16955
2015,Constance 24,Etoupe,8504,15510,16219
2016,Constance 24,Etoupe,8755,16432,16753
2017,Constance 24,Etoupe,9066,12935,16632
2018,Constance 24,Etoupe,9310,21525,17016
2019,Constance 24,Etoupe,9495,21734,10517
2020,Constance 24,Etoupe,9426,22436,16649
2021,Constance 24,Etoupe,9799,22769,12646
2022,Constance 24,Etoupe,10046,24437,15269
2023,Constance 24,Etoupe,10082,20165,20001
2024,Constance 24,Etoupe,10562,25897,15272
2025,Constance 24,Etoupe,10688,18726,17630
2015,Constance 24,Etain,9959,14407,15217
2016,Constance 24,Etain,10152,22868,16787
2017,Constance 24,Etain,10540,18074,17132
2018,Constance 24,Etain,10823,17080,18567
2019,Constance 24,Etain,10930,19893,17376
2020,Constance 24,Etain,10871,24474,20691
2021,Constance 24,Etain,11298,25133,21171
2022,Constance 24,Etain,11095,21884,19421
2023,Constance 24,Etain,11775,18388,18963
2024,Constance 24,Etain,11781,27467,19749
2025,Constance 24,Etain,12654,26465,18791
2015,Constance 24,Craie,8118,16951,11875
2016,Constance 24,Craie,8348,15241,14498
2017,Constance 24,Craie,8595,18330,9565
2018,Constance 24,Craie,8703,12637,17177
2019,Constance 24,Craie,8739,19809,13424
2020,Constance 24,Craie,9005,16552,16332
2021,Constance 24,Craie,9055,22537,12853
2022,Constance 24,Craie,9569,20772,17174
2023,Constance 24,Craie,9370,14947,15340
2024,Constance 24,Craie,10235,20968,15320
2025,Constance 24,Craie,11101,21089,12536
2015,Constance 24,Nata,8976,14387,11031
2016,Constance 24,Nata,9196,15114,16527
2017,Constance 24,Nata,9507,13455,13037
2018,Constance 24,Nata,9798,18830,12536
2019,Constance 24,Nata,9748,23573,17357
2020,Constance 24,Nata,10170,15698,19872
2021,Constance 24,Nata,10119,18118,12211
2022,Constance 24,Nata,10847,25964,18085
2023,Constance 24,Nata,10588,14549,12737
2024,Constance 24,Nata,10589,13942,14455
2025,Constance 24,Nata,11689,19325,16524
2015,Constance 24,Rose Sakura,9418,15357,15245
2016,Constance 24,Rose Sakura,9649,23023,17876
2017,Constance 24,Rose Sakura,9910,14166,16004
2018,Constance 24,Rose Sakura,10093,16432,13550
2019,Constance 24,Rose Sakura,10091,18152,15716
2020,Constance 24,Rose Sakura,10318,22154,11424
2021,Constance 24,Rose Sakura,11056,20936,13479
2022,Constance 24,Rose Sakura,10929,19861,13178
2023,Constance 24,Rose Sakura,11569,27755,20523
2024,Constance 24,Rose Sakura,11144,18224,16406
2025,Constance 24,Rose Sakura,11351,22793,16226
2015,Constance 24,Bleu Brume,7257,12486,10526
2016,Constance 24,Bleu Brume,7501,14735,12159
2017,Constance 24,Bleu Brume,7775,16801,15253
2018,Constance 24,Bleu Brume,7948,15201,12558
2019,Constance 24,Bleu Brume,7864,11510,14469
2020,Constance 24,Bleu Brume,8237,16346,14852
2021,Constance 24,Bleu Brume,8637,17725,11121
2022,Constance 24,Bleu Brume,9023,16692,9999
2023,Constance 24,Bleu Brume,9233,12549,14950
2024,Constance 24,Bleu Brume,9884,24015,14229
2025,Constance 24,Bleu Brume,9581,17891,17043
2015,Constance 24,Vert Criquet,10206,20291,16099
2016,Constance 24,Vert Criquet,10399,17099,13978
2017,Constance 24,Vert Criquet,10675,24929,18797
2018,Constance 24,Vert Criquet,10724,25437,11989
2019,Constance 24,Vert Criquet,11189,23739,16642
2020,Constance 24,Vert Criquet,11071,19177,22093
2021,Constance 24,Vert Criquet,11389,28378,20218
2022,Constance 24,Vert Criquet,11832,24848,19379
2023,Constance 24,Vert Criquet,11820,23410,15445
2024,Constance 24,Vert Criquet,12363,26580,17761
2025,Constance 24,Vert Criquet,12657,28416,17543
2015,Mini Constance 14,Gold,9720,15417,17649
2016,Mini Constance 14,Gold,9870,16328,15761
2017,Mini Constance 14,Gold,10033,21006,19064
2018,Mini Constance 14,Gold,10582,23070,15869
2019,Mini Constance 14,Gold,10715,24660,12796
2020,Mini Constance 14,Gold,10547,21883,15193
2021,Mini Constance 14,Gold,11064,19755,16045
2022,Mini Constance 14,Gold,11291,15180,15016
2023,Mini Constance 14,Gold,11270,20257,15599
2024,Mini Constance 14,Gold,11584,20136,13627
2025,Mini Constance 14,Gold,11226,26536,22169
2015,Mini Constance 14,Noir,7539,17685,9768
2016,Mini Constance 14,Noir,7777,16514,14517
2017,Mini Constance 14,Noir,7855,19117,13112
2018,Mini Constance 14,Noir,8208,12733,12181
2019,Mini Constance 14,Noir,8436,20210,10046
2020,Mini Constance 14,Noir,8477,19590,10972
2021,Mini Constance 14,Noir,8991,12248,17101
2022,Mini Constance 14,Noir,8668,16383,16213
2023,Mini Constance 14,Noir,9566,16138,15137
2024,Mini Constance 14,Noir,9856,18038,11192
2025,Mini Constance 14,Noir,9081,17962,10977
2015,Mini Constance 14,Etoupe,7057,10607,13957
2016,Mini Constance 14,Etoupe,7299,14099,13350
2017,Mini Constance 14,Etoupe,7640,12019,11210
2018,Mini Constance 14,Etoupe,7743,12306,10207
2019,Mini Constance 14,Etoupe,7979,13447,9248
2020,Mini Constance 14,Etoupe,8132,14027,11302
2021,Mini Constance 14,Etoupe,8590,18623,15056
2022,Mini Constance 14,Etoupe,8847,19957,11902
2023,Mini Constance 14,Etoupe,8705,17088,9647
2024,Mini Constance 14,Etoupe,8540,15220,15653
2025,Mini Constance 14,Etoupe,9833,19380,17024
2015,Mini Constance 14,Etain,8244,14880,14222
2016,Mini Constance 14,Etain,8478,17766,10268
2017,Mini Constance 14,Etain,8706,11551,15081
2018,Mini Constance 14,Etain,8904,19720,17160
2019,Mini Constance 14,Etain,9410,15272,12026
2020,Mini Constance 14,Etain,9712,21379,18292
2021,Mini Constance 14,Etain,9612,15972,17962
2022,Mini Constance 14,Etain,9599,16606,17468
2023,Mini Constance 14,Etain,10249,17554,11581
2024,Mini Constance 14,Etain,10064,23574,16978
2025,Mini Constance 14,Etain,11027,17929,13017
2015,Mini Constance 14,Craie,10256,22694,13757
2016,Mini Constance 14,Craie,10510,15657,14262
2017,Mini Constance 14,Craie,10696,17940,13671
2018,Mini Constance 14,Craie,11067,14498,15258
2019,Mini Constance 14,Craie,11355,27182,16023
2020,Mini Constance 14,Craie,11185,15077,19416
2021,Mini Constance 14,Craie,11726,24858,22796
2022,Mini Constance 14,Craie,12273,29926,23441
2023,Mini Constance 14,Craie,11848,24233,17518
2024,Mini Constance 14,Craie,12160,29570,15766
2025,Mini Constance 14,Craie,12786,22588,25398
2015,Mini Constance 14,Nata,8072,13174,12291
2016,Mini Constance 14,Nata,8245,20496,9693
2017,Mini Constance 14,Nata,8484,17720,13625
2018,Mini Constance 14,Nata,8822,20667,12682
2019,Mini Constance 14,Nata,9191,22575,10832
2020,Mini Constance 14,Nata,9300,17060,14785
2021,Mini Constance 14,Nata,9685,21030,18672
2022,Mini Constance 14,Nata,9440,20061,17901
2023,Mini Constance 14,Nata,9579,19131,18213
2024,Mini Constance 14,Nata,10289,14194,11875
2025,Mini Constance 14,Nata,10700,26640,20235
2015,Mini Constance 14,Rose Sakura,8576,16598,16696
2016,Mini Constance 14,Rose Sakura,8753,12736,15995
2017,Mini Constance 14,Rose Sakura,9112,18182,12421
2018,Mini Constance 14,Rose Sakura,9264,12911,11319
2019,Mini Constance 14,Rose Sakura,9610,18573,17206
2020,Mini Constance 14,Rose Sakura,9596,18727,14259
2021,Mini Constance 14,Rose Sakura,10143,17353,14088
2022,Mini Constance 14,Rose Sakura,9865,23883,13448
2023,Mini Constance 14,Rose Sakura,10390,17500,17344
2024,Mini Constance 14,Rose Sakura,10216,23954,15410
2025,Mini Constance 14,Rose Sakura,10375,15426,13770
2015,Mini Constance 14,Bleu Brume,9987,14300,14616
2016,Mini Constance 14,Bleu Brume,10284,20724,12058
2017,Mini Constance 14,Bleu Brume,10472,14325,13385
2018,Mini Constance 14,Bleu Brume,10607,20611,17577
2019,Mini Constance 14,Bleu Brume,10637,21737,15734
2020,Mini Constance 14,Bleu Brume,11090,23325,20007
2021,Mini Constance 14,Bleu Brume,11595,19299,14862
2022,Mini Constance 14,Bleu Brume,11072,27591,18070
2023,Mini Constance 14,Bleu Brume,11330,19150,15582
2024,Mini Constance 14,Bleu Brume,11975,29592,18113
2025,Mini Constance 14,Bleu Brume,12747,28921,22476
2015,Mini Constance 14,Vert Criquet,7731,17621,14684
2016,Mini Constance 14,Vert Criquet,7888,18552,11034
2017,Mini Constance 14,Vert Criquet,8286,12186,10832
2018,Mini Constance 14,Vert Criquet,8518,20511,13145
2019,Mini Constance 14,Vert Criquet,8396,19775,13989
2020,Mini Constance 14,Vert Criquet,9001,20867,14236
2021,Mini Constance 14,Vert Criquet,9226,13426,14605
2022,Mini Constance 14,Vert Criquet,9341,17278,10833
2023,Mini Constance 14,Vert Criquet,9389,17220,16788
2024,Mini Constance 14,Vert Criquet,9352,18704,10988
2025,Mini Constance 14,Vert Criquet,10217,15949,14054
2015,Picotin Lock 18,Gold,10799,22621,12034
2016,Picotin Lock 18,Gold,11095,17250,13269
2017,Picotin Lock 18,Gold,11242,24534,16653
2018,Picotin Lock 18,Gold,11298,18287,18953
2019,Picotin Lock 18,Gold,11598,20265,23064
2020,Picotin Lock 18,Gold,11910,19438,16700
2021,Picotin Lock 18,Gold,11887,17315,23320
2022,Picotin Lock 18,Gold,12094,19620,24187
2023,Picotin Lock 18,Gold,12039,20056,22449
2024,Picotin Lock 18,Gold,12627,28428,15695
2025,Picotin Lock 18,Gold,13025,32060,23804
2015,Picotin Lock 18,Noir,8625,18075,11400
2016,Picotin Lock 18,Noir,8920,17100,13438
2017,Picotin Lock 18,Noir,8962,11895,15652
2018,Picotin Lock 18,Noir,9140,16227,18254
2019,Picotin Lock 18,Noir,9514,17235,16291
2020,Picotin Lock 18,Noir,9378,16459,10967
2021,Picotin Lock 18,Noir,9575,16296,14300
2022,Picotin Lock 18,Noir,9888,19771,13791
2023,Picotin Lock 18,Noir,9970,19642,18739
2024,Picotin Lock 18,Noir,10906,20644,12101
2025,Picotin Lock 18,Noir,11476,16720,18548
2015,Picotin Lock 18,Etoupe,11416,22553,16500
2016,Picotin Lock 18,Etoupe,11566,17720,17352
2017,Picotin Lock 18,Etoupe,11797,22563,15290
2018,Picotin Lock 18,Etoupe,12192,20869,21583
2019,Picotin Lock 18,Etoupe,12440,21027,18282
2020,Picotin Lock 18,Etoupe,12612,20217,15665
2021,Picotin Lock 18,Etoupe,13207,28480,18311
2022,Picotin Lock 18,Etoupe,13249,24061,23879
2023,Picotin Lock 18,Etoupe,13265,26545,19665
2024,Picotin Lock 18,Etoupe,14020,22930,22636
2025,Picotin Lock 18,Etoupe,12947,29336,15579
2015,Picotin Lock 18,Etain,8874,20560,15068
2016,Picotin Lock 18,Etain,9134,22034,14158
2017,Picotin Lock 18,Etain,9377,16288,14356
2018,Picotin Lock 18,Etain,9626,22341,11812
2019,Picotin Lock 18,Etain,9474,20186,17741
2020,Picotin Lock 18,Etain,10168,23154,14070
2021,Picotin Lock 18,Etain,10095,14668,13345
2022,Picotin Lock 18,Etain,10642,18670,12196
2023,Picotin Lock 18,Etain,11104,15947,15021
2024,Picotin Lock 18,Etain,10426,24182,18215
2025,Picotin Lock 18,Etain,11037,22272,18601
2015,Picotin Lock 18,Craie,7751,13485,15186
2016,Picotin Lock 18,Craie,7956,18502,15903
2017,Picotin Lock 18,Craie,8119,11646,14195
2018,Picotin Lock 18,Craie,8557,15011,14732
2019,Picotin Lock 18,Craie,8565,18916,16761
2020,Picotin Lock 18,Craie,8974,16817,13904
2021,Picotin Lock 18,Craie,9355,16610,17283
2022,Picotin Lock 18,Craie,9064,16707,10882
2023,Picotin Lock 18,Craie,9673,22554,16561
2024,Picotin Lock 18,Craie,9716,18129,11167
2025,Picotin Lock 18,Craie,10602,16598,18575
2015,Picotin Lock 18,Nata,11430,20517,19086
2016,Picotin Lock 18,Nata,11718,25959,16013
2017,Picotin Lock 18,Nata,11777,16121,14237
2018,Picotin Lock 18,Nata,12123,27006,22455
2019,Picotin Lock 18,Nata,12384,26765,23572
2020,Picotin Lock 18,Nata,12908,29256,16545
2021,Picotin Lock 18,Nata,12928,29887,18857
2022,Picotin Lock 18,Nata,13240,32787,23813
2023,Picotin Lock 18,Nata,13226,23743,21708
2024,Picotin Lock 18,Nata,13528,19001,15024
2025,Picotin Lock 18,Nata,14124,25756,25848
2015,Picotin Lock 18,Rose Sakura,7735,13209,11820
2016,Picotin Lock 18,Rose Sakura,7948,14303,10898
2017,Picotin Lock 18,Rose Sakura,8069,18227,13124
2018,Picotin Lock 18,Rose Sakura,8625,14944,12554
2019,Picotin Lock 18,Rose Sakura,8732,14682,17044
2020,Picotin Lock 18,Rose Sakura,9072,17322,12008
2021,Picotin Lock 18,Rose Sakura,9158,14760,13511
2022,Picotin Lock 18,Rose Sakura,8853,20671,15132
2023,Picotin Lock 18,Rose Sakura,9957,13224,16324
2024,Picotin Lock 18,Rose Sakura,9321,16743,15797
2025,Picotin Lock 18,Rose Sakura,9752,17493,17681
2015,Picotin Lock 18,Bleu Brume,7501,11891,13755
2016,Picotin Lock 18,Bleu Brume,7733,12663,9253
2017,Picotin Lock 18,Bleu Brume,7911,16963,11556
2018,Picotin Lock 18,Bleu Brume,8020,18319,8907
2019,Picotin Lock 18,Bleu Brume,8115,16639,13314
2020,Picotin Lock 18,Bleu Brume,8509,12836,11483
2021,Picotin Lock 18,Bleu Brume,8645,21573,14611
2022,Picotin Lock 18,Bleu Brume,9332,13052,16074
2023,Picotin Lock 18,Bleu Brume,8790,12012,16980
2024,Picotin Lock 18,Bleu Brume,10118,24396,17958
2025,Picotin Lock 18,Bleu Brume,9813,13196,14243
2015,Picotin Lock 18,Vert Criquet,7292,16729,10769
2016,Picotin Lock 18,Vert Criquet,7456,16030,14829
2017,Picotin Lock 18,Vert Criquet,7803,15042,11215
2018,Picotin Lock 18,Vert Criquet,8031,16693,14353
2019,Picotin Lock 18,Vert Criquet,7984,13639,15222
2020,Picotin Lock 18,Vert Criquet,8462,18030,11367
2021,Picotin Lock 18,Vert Criquet,8465,15887,13918
2022,Picotin Lock 18,Vert Criquet,9339,20459,17054
2023,Picotin Lock 18,Vert Criquet,9455,20797,15927
2024,Picotin Lock 18,Vert Criquet,9688,21659,15023
2025,Picotin Lock 18,Vert Criquet,10121,15198,12038
2015,Picotin Lock 22,Gold,10723,15042,17314
2016,Picotin Lock 22,Gold,10903,18649,16593
2017,Picotin Lock 22,Gold,11053,21128,21683
2018,Picotin Lock 22,Gold,11364,17466,18395
2019,Picotin Lock 22,Gold,11400,19589,20276
2020,Picotin Lock 22,Gold,12047,28987,22495
2021,Picotin Lock 22,Gold,11839,18347,17807
2022,Picotin Lock 22,Gold,12702,28210,15129
2023,Picotin Lock 22,Gold,12647,22772,18125
2024,Picotin Lock 22,Gold,13364,28800,24366
2025,Picotin Lock 22,Gold,12920,21993,23660
2015,Picotin Lock 22,Noir,7351,12990,9056
2016,Picotin Lock 22,Noir,7604,10406,14442
2017,Picotin Lock 22,Noir,7744,18900,12933
2018,Picotin Lock 22,Noir,8044,14530,9817
2019,Picotin Lock 22,Noir,8126,11893,14005
2020,Picotin Lock 22,Noir,8832,21272,16406
2021,Picotin Lock 22,Noir,8593,15775,17142
2022,Picotin Lock 22,Noir,8768,18332,11949
2023,Picotin Lock 22,Noir,9179,15195,11625
2024,Picotin Lock 22,Noir,9777,15616,14094
2025,Picotin Lock 22,Noir,9136,12562,14508
2015,Picotin Lock 22,Etoupe,11393,25596,15612
2016,Picotin Lock 22,Etoupe,11685,28954,21195
2017,Picotin Lock 22,Etoupe,11968,21960,19419
2018,Picotin Lock 22,Etoupe,12022,20783,15258
2019,Picotin Lock 22,Etoupe,12289,28267,13763
2020,Picotin Lock 22,Etoupe,12551,19747,17611
2021,Picotin Lock 22,Etoupe,12995,31713,24206
2022,Picotin Lock 22,Etoupe,12495,24681,19573
2023,Picotin Lock 22,Etoupe,13036,24355,21492
2024,Picotin Lock 22,Etoupe,13570,24859,22721
2025,Picotin Lock 22,Etoupe,14102,21872,27550
2015,Picotin Lock 22,Etain,8713,17371,11508
2016,Picotin Lock 22,Etain,9012,15253,11417
2017,Picotin Lock 22,Etain,9061,13242,10154
2018,Picotin Lock 22,Etain,9572,13070,18847
2019,Picotin Lock 22,Etain,9586,22030,13562
2020,Picotin Lock 22,Etain,9938,13470,13790
2021,Picotin Lock 22,Etain,10048,23914,15938
2022,Picotin Lock 22,Etain,10167,23418,14426
2023,Picotin Lock 22,Etain,10843,19678,14640
2024,Picotin Lock 22,Etain,11000,16597,20017
2025,Picotin Lock 22,Etain,11089,14883,13489
2015,Picotin Lock 22,Craie,10466,17802,11834
2016,Picotin Lock 22,Craie,10760,18356,20731
2017,Picotin Lock 22,Craie,11065,15652,13956
2018,Picotin Lock 22,Craie,11243,15964,13444
2019,Picotin Lock 22,Craie,11576,27762,17019
2020,Picotin Lock 22,Craie,11561,28016,21737
2021,Picotin Lock 22,Craie,12109,22770,16902
2022,Picotin Lock 22,Craie,11538,27998,22227
2023,Picotin Lock 22,Craie,12339,19714,23998
2024,Picotin Lock 22,Craie,12527,22515,18434
2025,Picotin Lock 22,Craie,13045,21812,25555
2015,Picotin Lock 22,Nata,9793,20368,12404
2016,Picotin Lock 22,Nata,10033,14034,14076
2017,Picotin Lock 22,Nata,10153,16867,18780
2018,Picotin Lock 22,Nata,10479,14390,11777
2019,Picotin Lock 22,Nata,10904,19798,14250
2020,Picotin Lock 22,Nata,10759,18340,20256
2021,Picotin Lock 22,Nata,11006,14308,15658
2022,Picotin Lock 22,Nata,11204,27817,22183
2023,Picotin Lock 22,Nata,11108,24419,20372
2024,Picotin Lock 22,Nata,11487,27283,17748
2025,Picotin Lock 22,Nata,11961,25537,19713
2015,Picotin Lock 22,Rose Sakura,7850,13296,11700
2016,Picotin Lock 22,Rose Sakura,8102,10575,12702
2017,Picotin Lock 22,Rose Sakura,8395,18471,13532
2018,Picotin Lock 22,Rose Sakura,8643,17631,11473
2019,Picotin Lock 22,Rose Sakura,8849,17215,14014
2020,Picotin Lock 22,Rose Sakura,8679,17452,12171
2021,Picotin Lock 22,Rose Sakura,9007,19071,15978
2022,Picotin Lock 22,Rose Sakura,9737,20093,18937
2023,Picotin Lock 22,Rose Sakura,10112,20500,16271
2024,Picotin Lock 22,Rose Sakura,10449,16486,15166
2025,Picotin Lock 22,Rose Sakura,10471,25775,17678
2015,Picotin Lock 22,Bleu Brume,8222,17612,14599
2016,Picotin Lock 22,Bleu Brume,8472,15724,12024
2017,Picotin Lock 22,Bleu Brume,8699,16756,17342
2018,Picotin Lock 22,Bleu Brume,8935,20658,13443
2019,Picotin Lock 22,Bleu Brume,8825,15150,15140
2020,Picotin Lock 22,Bleu Brume,9521,20637,12873
2021,Picotin Lock 22,Bleu Brume,9628,14425,16457
2022,Picotin Lock 22,Bleu Brume,9457,20902,15803
2023,Picotin Lock 22,Bleu Brume,10329,19167,15051
2024,Picotin Lock 22,Bleu Brume,10577,13833,15846
2025,Picotin Lock 22,Bleu Brume,10030,21505,16657
2015,Picotin Lock 22,Vert Criquet,10870,14259,17366
2016,Picotin Lock 22,Vert Criquet,11164,18680,21395
2017,Picotin Lock 22,Vert Criquet,11447,24721,20722
2018,Picotin Lock 22,Vert Criquet,11736,18399,21429
2019,Picotin Lock 22,Vert Criquet,11632,17756,15058
2020,Picotin Lock 22,Vert Criquet,12322,29923,23243
2021,Picotin Lock 22,Vert Criquet,12612,17197,18316
2022,Picotin Lock 22,Vert Criquet,12010,18795,21182
2023,Picotin Lock 22,Vert Criquet,12224,18583,21150
2024,Picotin Lock 22,Vert Criquet,13545,26751,16892
2025,Picotin Lock 22,Vert Criquet,12987,29782,19219
2015,Evelyne TPM,Gold,9108,18411,10958
2016,Evelyne TPM,Gold,9321,15535,13672
2017,Evelyne TPM,Gold,9670,22392,18920
2018,Evelyne TPM,Gold,9979,15251,13282
2019,Evelyne TPM,Gold,10156,17923,15643
2020,Evelyne TPM,Gold,10457,24628,20260
2021,Evelyne TPM,Gold,10416,24565,13151
2022,Evelyne TPM,Gold,10671,16501,20217
2023,Evelyne TPM,Gold,10628,17163,20825
2024,Evelyne TPM,Gold,11765,16438,17631
2025,Evelyne TPM,Gold,11914,17481,14659
2015,Evelyne TPM,Noir,9601,21736,11785
2016,Evelyne TPM,Noir,9898,18702,10986
2017,Evelyne TPM,Noir,10175,14382,19066
2018,Evelyne TPM,Noir,10319,14811,14940
2019,Evelyne TPM,Noir,10658,22156,14333
2020,Evelyne TPM,Noir,11054,17660,19971
2021,Evelyne TPM,Noir,11004,27043,18460
2022,Evelyne TPM,Noir,11440,22115,21377
2023,Evelyne TPM,Noir,11170,17135,22120
2024,Evelyne TPM,Noir,10990,21558,20065
2025,Evelyne TPM,Noir,11445,21665,16461
2015,Evelyne TPM,Etoupe,10906,23786,16129
2016,Evelyne TPM,Etoupe,11140,15293,20660
2017,Evelyne TPM,Etoupe,11380,27282,19541
2018,Evelyne TPM,Etoupe,11750,21391,15549
2019,Evelyne TPM,Etoupe,11922,24711,20609
2020,Evelyne TPM,Etoupe,12036,28495,20471
2021,Evelyne TPM,Etoupe,12490,25561,20074
2022,Evelyne TPM,Etoupe,12185,22419,17354
2023,Evelyne TPM,Etoupe,12175,30429,20859
2024,Evelyne TPM,Etoupe,12431,25507,23084
2025,Evelyne TPM,Etoupe,13389,31068,23683
2015,Evelyne TPM,Etain,8344,16839,9547
2016,Evelyne TPM,Etain,8584,19305,13582
2017,Evelyne TPM,Etain,8799,21477,16162
2018,Evelyne TPM,Etain,9079,12823,13167
2019,Evelyne TPM,Etain,9232,22346,16227
2020,Evelyne TPM,Etain,9568,19266,10582
2021,Evelyne TPM,Etain,9842,20218,12444
2022,Evelyne TPM,Etain,10191,22333,18399
2023,Evelyne TPM,Etain,9931,19189,19690
2024,Evelyne TPM,Etain,9846,19115,16372
2025,Evelyne TPM,Etain,11193,25372,12501
2015,Evelyne TPM,Craie,11719,21860,18239
2016,Evelyne TPM,Craie,11976,22588,23933
2017,Evelyne TPM,Craie,12251,27418,13485
2018,Evelyne TPM,Craie,12550,18079,23580
2019,Evelyne TPM,Craie,12742,30394,21209
2020,Evelyne TPM,Craie,13061,24661,14645
2021,Evelyne TPM,Craie,13135,24026,21667
2022,Evelyne TPM,Craie,13193,18918,24226
2023,Evelyne TPM,Craie,14004,23730,26448
2024,Evelyne TPM,Craie,13347,22590,20886
2025,Evelyne TPM,Craie,13950,29836,17369
2015,Evelyne TPM,Nata,7415,9646,11435
2016,Evelyne TPM,Nata,7593,12109,10477
2017,Evelyne TPM,Nata,7767,14209,12732
2018,Evelyne TPM,Nata,7902,14966,10502
2019,Evelyne TPM,Nata,8331,14768,15368
2020,Evelyne TPM,Nata,8424,15833,12853
2021,Evelyne TPM,Nata,8759,20193,14795
2022,Evelyne TPM,Nata,8977,19290,10675
2023,Evelyne TPM,Nata,9576,15611,16347
2024,Evelyne TPM,Nata,9037,15607,15314
2025,Evelyne TPM,Nata,10024,13225,13663
2015,Evelyne TPM,Rose Sakura,7778,16981,11501
2016,Evelyne TPM,Rose Sakura,8009,11130,13728
2017,Evelyne TPM,Rose Sakura,8240,15871,15434
2018,Evelyne TPM,Rose Sakura,8271,18507,15291
2019,Evelyne TPM,Rose Sakura,8536,16421,14546
2020,Evelyne TPM,Rose Sakura,8917,12325,13783
2021,Evelyne TPM,Rose Sakura,9018,15942,14104
2022,Evelyne TPM,Rose Sakura,9081,17192,16057
2023,Evelyne TPM,Rose Sakura,9711,24120,14919
2024,Evelyne TPM,Rose Sakura,10301,23309,14531
2025,Evelyne TPM,Rose Sakura,9724,21828,12017
2015,Evelyne TPM,Bleu Brume,7596,11527,8441
2016,Evelyne TPM,Bleu Brume,7837,16732,10212
2017,Evelyne TPM,Bleu Brume,7946,19537,12854
2018,Evelyne TPM,Bleu Brume,8109,12445,14708
2019,Evelyne TPM,Bleu Brume,8212,14814,12705
2020,Evelyne TPM,Bleu Brume,8504,15231,10017
2021,Evelyne TPM,Bleu Brume,8823,12971,13977
2022,Evelyne TPM,Bleu Brume,9644,23718,14184
2023,Evelyne TPM,Bleu Brume,9723,16983,11321
2024,Evelyne TPM,Bleu Brume,10036,18041,13554
2025,Evelyne TPM,Bleu Brume,9310,13756,10402
2015,Evelyne TPM,Vert Criquet,7324,17048,8504
2016,Evelyne TPM,Vert Criquet,7607,17184,11683
2017,Evelyne TPM,Vert Criquet,7648,12496,10796
2018,Evelyne TPM,Vert Criquet,8100,19032,10114
2019,Evelyne TPM,Vert Criquet,8377,13063,10947
2020,Evelyne TPM,Vert Criquet,8639,11328,13485
2021,Evelyne TPM,Vert Criquet,8302,17726,15275
2022,Evelyne TPM,Vert Criquet,9132,20695,17577
2023,Evelyne TPM,Vert Criquet,8900,21888,9839
2024,Evelyne TPM,Vert Criquet,9694,12890,11873
2025,Evelyne TPM,Vert Criquet,10302,15617,17679
2015,Evelyne PM,Gold,10213,15474,15554
2016,Evelyne PM,Gold,10395,25259,11563
2017,Evelyne PM,Gold,10707,18292,19113
2018,Evelyne PM,Gold,10930,22292,19989
2019,Evelyne PM,Gold,11030,22009,17659
2020,Evelyne PM,Gold,11359,18613,18173
2021,Evelyne PM,Gold,11497,23936,18548
2022,Evelyne PM,Gold,12231,26250,18077
2023,Evelyne PM,Gold,11561,27380,18410
2024,Evelyne PM,Gold,12036,17328,18020
2025,Evelyne PM,Gold,11716,15594,13764
2015,Evelyne PM,Noir,9561,18306,14443
2016,Evelyne PM,Noir,9733,23976,14108
2017,Evelyne PM,Noir,10020,20433,11956
2018,Evelyne PM,Noir,10374,15128,19973
2019,Evelyne PM,Noir,10387,18967,19381
2020,Evelyne PM,Noir,11020,19844,19400
2021,Evelyne PM,Noir,10672,23414,19986
2022,Evelyne PM,Noir,11241,16101,19558
2023,Evelyne PM,Noir,11510,23759,19436
2024,Evelyne PM,Noir,11352,22840,18327
2025,Evelyne PM,Noir,12285,30116,15302
2015,Evelyne PM,Etoupe,8933,17428,14616
2016,Evelyne PM,Etoupe,9123,21705,10858
2017,Evelyne PM,Etoupe,9360,21352,17943
2018,Evelyne PM,Etoupe,9667,21038,16723
2019,Evelyne PM,Etoupe,9882,22325,11906
2020,Evelyne PM,Etoupe,9813,16012,15018
2021,Evelyne PM,Etoupe,10382,16795,16976
2022,Evelyne PM,Etoupe,10927,23990,16025
2023,Evelyne PM,Etoupe,10798,14334,12939
2024,Evelyne PM,Etoupe,10682,25310,18026
2025,Evelyne PM,Etoupe,11160,23726,21124
2015,Evelyne PM,Etain,9112,20682,11361
2016,Evelyne PM,Etain,9309,18812,17347
2017,Evelyne PM,Etain,9561,14580,15284
2018,Evelyne PM,Etain,9750,16148,18251
2019,Evelyne PM,Etain,9949,22258,17893
2020,Evelyne PM,Etain,10454,14748,19513
2021,Evelyne PM,Etain,10811,14102,14104
2022,Evelyne PM,Etain,10180,19931,13903
2023,Evelyne PM,Etain,11163,19608,17429
2024,Evelyne PM,Etain,10765,21271,14693
2025,Evelyne PM,Etain,11547,24857,22883
2015,Evelyne PM,Craie,8833,13626,12844
2016,Evelyne PM,Craie,9041,19819,17074
2017,Evelyne PM,Craie,9181,12575,11761
2018,Evelyne PM,Craie,9530,22739,17092
2019,Evelyne PM,Craie,9506,13081,16986
2020,Evelyne PM,Craie,10086,14696,17795
2021,Evelyne PM,Craie,9889,17244,12323
2022,Evelyne PM,Craie,10814,23870,15716
2023,Evelyne PM,Craie,11156,23111,15772
2024,Evelyne PM,Craie,10421,14959,12220
2025,Evelyne PM,Craie,11410,23135,22638
2015,Evelyne PM,Nata,8429,14868,10994
2016,Evelyne PM,Nata,8658,16612,15366
2017,Evelyne PM,Nata,8906,15137,10827
2018,Evelyne PM,Nata,9085,12350,14144
2019,Evelyne PM,Nata,9471,18558,13566
2020,Evelyne PM,Nata,9849,16685,11075
2021,Evelyne PM,Nata,9749,21296,18759
2022,Evelyne PM,Nata,10302,17938,18094
2023,Evelyne PM,Nata,10148,18614,12098
2024,Evelyne PM,Nata,9990,15033,15068
2025,Evelyne PM,Nata,10729,18311,18532
2015,Evelyne PM,Rose Sakura,11232,17895,12882
2016,Evelyne PM,Rose Sakura,11518,21711,22632
2017,Evelyne PM,Rose Sakura,11639,21836,18647
2018,Evelyne PM,Rose Sakura,11940,23364,19879
2019,Evelyne PM,Rose Sakura,12092,26986,16013
2020,Evelyne PM,Rose Sakura,12353,21467,19270
2021,Evelyne PM,Rose Sakura,13004,24980,19558
2022,Evelyne PM,Rose Sakura,12344,29613,23541
2023,Evelyne PM,Rose Sakura,13218,31509,21120
2024,Evelyne PM,Rose Sakura,13691,25498,23830
2025,Evelyne PM,Rose Sakura,13784,26826,21567
2015,Evelyne PM,Bleu Brume,11465,25461,15320
2016,Evelyne PM,Bleu Brume,11763,19106,16398
2017,Evelyne PM,Bleu Brume,11978,19258,23406
2018,Evelyne PM,Bleu Brume,12187,27389,16596
2019,Evelyne PM,Bleu Brume,12472,19325,19161
2020,Evelyne PM,Bleu Brume,12894,26013,17262
2021,Evelyne PM,Bleu Brume,13064,25828,20450
2022,Evelyne PM,Bleu Brume,12873,27528,17215
2023,Evelyne PM,Bleu Brume,12744,28595,24593
2024,Evelyne PM,Bleu Brume,13835,19829,20534
2025,Evelyne PM,Bleu Brume,14067,19322,25975
2015,Evelyne PM,Vert Criquet,9220,12269,13013
2016,Evelyne PM,Vert Criquet,9434,15187,17110
2017,Evelyne PM,Vert Criquet,9700,23080,11872
2018,Evelyne PM,Vert Criquet,9899,22616,15169
2019,Evelyne PM,Vert Criquet,10201,13444,18008
2020,Evelyne PM,Vert Criquet,10068,17421,16425
2021,Evelyne PM,Vert Criquet,10322,20580,16315
2022,Evelyne PM,Vert Criquet,11170,27123,21383
2023,Evelyne PM,Vert Criquet,11424,27180,14270
2024,Evelyne PM,Vert Criquet,11485,19094,21000
2025,Evelyne PM,Vert Criquet,12152,29359,19571
2015,Lindy 26,Gold,11194,24590,21412
2016,Lindy 26,Gold,11464,26086,16469
2017,Lindy 26,Gold,11609,15393,20202
2018,Lindy 26,Gold,11692,22816,20109
2019,Lindy 26,Gold,12353,29884,14405
2020,Lindy 26,Gold,12538,17480,17634
2021,Lindy 26,Gold,12178,16248,20456
2022,Lindy 26,Gold,13070,27039,20721
2023,Lindy 26,Gold,13105,17544,17082
2024,Lindy 26,Gold,12731,23998,20050
2025,Lindy 26,Gold,12980,21687,23804
2015,Lindy 26,Noir,11650,16433,18482
2016,Lindy 26,Noir,11849,21326,23644
2017,Lindy 26,Noir,12227,21034,17266
2018,Lindy 26,Noir,12142,19199,19658
2019,Lindy 26,Noir,12481,23065,22755
2020,Lindy 26,Noir,13091,30393,22987
2021,Lindy 26,Noir,12746,18324,18983
2022,Lindy 26,Noir,13590,18559,24725
2023,Lindy 26,Noir,12957,20498,17001
2024,Lindy 26,Noir,13855,23426,20279
2025,Lindy 26,Noir,13687,28491,15748
2015,Lindy 26,Etoupe,10039,23545,19930
2016,Lindy 26,Etoupe,10309,19218,16087
2017,Lindy 26,Etoupe,10638,16272,13370
2018,Lindy 26,Etoupe,10514,14862,14196
2019,Lindy 26,Etoupe,10937,17233,14347
2020,Lindy 26,Etoupe,10929,17087,13295
2021,Lindy 26,Etoupe,11227,15107,16895
2022,Lindy 26,Etoupe,11120,21047,21674
2023,Lindy 26,Etoupe,11570,22147,13682
2024,Lindy 26,Etoupe,12179,29727,18926
2025,Lindy 26,Etoupe,12275,16827,20303
2015,Lindy 26,Etain,7487,17121,14620
2016,Lindy 26,Etain,7718,14188,15014
2017,Lindy 26,Etain,7926,18518,11942
2018,Lindy 26,Etain,8217,19836,15039
2019,Lindy 26,Etain,8172,15506,13141
2020,Lindy 26,Etain,8387,18014,12511
2021,Lindy 26,Etain,8648,17831,9837
2022,Lindy 26,Etain,9458,16477,13007
2023,Lindy 26,Etain,9034,20792,15128
2024,Lindy 26,Etain,9017,21811,12379
2025,Lindy 26,Etain,10423,16559,19343
2015,Lindy 26,Craie,7838,15550,13275
2016,Lindy 26,Craie,8010,11099,15166
2017,Lindy 26,Craie,8285,20421,12392
2018,Lindy 26,Craie,8593,12597,12447
2019,Lindy 26,Craie,8812,14495,11663
2020,Lindy 26,Craie,9047,16194,11342
2021,Lindy 26,Craie,9318,12226,13246
2022,Lindy 26,Craie,9266,14458,15479
2023,Lindy 26,Craie,10017,18057,18132
2024,Lindy 26,Craie,10321,18365,13618
2025,Lindy 26,Craie,10307,14288,17536
2015,Lindy 26,Nata,9504,14481,16227
2016,Lindy 26,Nata,9768,23032,16049
2017,Lindy 26,Nata,10094,22988,12040
2018,Lindy 26,Nata,10334,24603,11987
2019,Lindy 26,Nata,10248,15729,19517
2020,Lindy 26,Nata,10340,16448,14819
2021,Lindy 26,Nata,10967,27235,20142
2022,Lindy 26,Nata,10801,25410,14404
2023,Lindy 26,Nata,11276,26340,16254
2024,Lindy 26,Nata,11345,22265,13983
2025,Lindy 26,Nata,11659,25123,15773
2015,Lindy 26,Rose Sakura,7294,14608,10692
2016,Lindy 26,Rose Sakura,7454,18173,10085
2017,Lindy 26,Rose Sakura,7636,18975,10239
2018,Lindy 26,Rose Sakura,7852,14279,15482
2019,Lindy 26,Rose Sakura,8320,11268,9441
2020,Lindy 26,Rose Sakura,8190,16763,11033
2021,Lindy 26,Rose Sakura,9007,14346,13585
2022,Lindy 26,Rose Sakura,8957,22105,16016
2023,Lindy 26,Rose Sakura,8530,17529,15909
2024,Lindy 26,Rose Sakura,9162,15279,15099
2025,Lindy 26,Rose Sakura,9061,15050,11289
2015,Lindy 26,Bleu Brume,8850,21910,17376
2016,Lindy 26,Bleu Brume,9055,15682,15865
2017,Lindy 26,Bleu Brume,9224,13155,16577
2018,Lindy 26,Bleu Brume,9629,21577,17490
2019,Lindy 26,Bleu Brume,9610,16338,18268
2020,Lindy 26,Bleu Brume,10245,25193,11658
2021,Lindy 26,Bleu Brume,10570,17093,16081
2022,Lindy 26,Bleu Brume,10557,17201,21010
2023,Lindy 26,Bleu Brume,10137,16544,11723
2024,Lindy 26,Bleu Brume,10700,22300,12145
2025,Lindy 26,Bleu Brume,11632,20911,22074
2015,Lindy 26,Vert Criquet,8762,20178,10068
2016,Lindy 26,Vert Criquet,8990,19615,10348
2017,Lindy 26,Vert Criquet,9357,22766,18096
2018,Lindy 26,Vert Criquet,9386,13822,10966
2019,Lindy 26,Vert Criquet,9781,19058,13719
2020,Lindy 26,Vert Criquet,10061,23390,17761
2021,Lindy 26,Vert Criquet,10378,16050,13631
2022,Lindy 26,Vert Criquet,10471,25442,18941
2023,Lindy 26,Vert Criquet,10468,18507,19310
2024,Lindy 26,Vert Criquet,10529,18225,13200
2025,Lindy 26,Vert Criquet,11182,23243,21205
2015,Lindy 30,Gold,7718,19232,9556
2016,Lindy 30,Gold,7900,15775,11596
2017,Lindy 30,Gold,8249,11708,13020
2018,Lindy 30,Gold,8288,11923,14449
2019,Lindy 30,Gold,8812,13752,11583
2020,Lindy 30,Gold,9154,20911,15189
2021,Lindy 30,Gold,9514,15299,12656
2022,Lindy 30,Gold,9368,14480,16576
2023,Lindy 30,Gold,8953,20306,10693
2024,Lindy 30,Gold,9604,16218,15705
2025,Lindy 30,Gold,9783,23007,14103
2015,Lindy 30,Noir,9199,13010,16057
2016,Lindy 30,Noir,9477,13132,11589
2017,Lindy 30,Noir,9647,23762,13796
2018,Lindy 30,Noir,10094,23774,12732
2019,Lindy 30,Noir,9853,14798,11270
2020,Lindy 30,Noir,9975,13212,11284
2021,Lindy 30,Noir,10747,24073,15757
2022,Lindy 30,Noir,10309,17036,18948
2023,Lindy 30,Noir,10412,22030,13622
2024,Lindy 30,Noir,11139,20869,13775
2025,Lindy 30,Noir,12034,25854,15784
2015,Lindy 30,Etoupe,10775,26280,19713
2016,Lindy 30,Etoupe,10977,26452,16695
2017,Lindy 30,Etoupe,11294,19915,15301
2018,Lindy 30,Etoupe,11384,25655,14879
2019,Lindy 30,Etoupe,11795,20849,18076
2020,Lindy 30,Etoupe,11541,26969,22796
2021,Lindy 30,Etoupe,12229,26339,18885
2022,Lindy 30,Etoupe,11957,23019,13932
2023,Lindy 30,Etoupe,12583,22337,15931
2024,Lindy 30,Etoupe,13307,32197,15178
2025,Lindy 30,Etoupe,13463,33367,15359
2015,Lindy 30,Etain,11900,19024,17889
2016,Lindy 30,Etain,12153,28857,13850
2017,Lindy 30,Etain,12287,18077,22577
2018,Lindy 30,Etain,12596,29819,23181
2019,Lindy 30,Etain,12857,25794,21677
2020,Lindy 30,Etain,13373,26453,17520
2021,Lindy 30,Etain,13155,17658,19772
2022,Lindy 30,Etain,13222,32692,25263
2023,Lindy 30,Etain,13971,31491,21560
2024,Lindy 30,Etain,14244,32330,15991
2025,Lindy 30,Etain,13755,18152,23768
2015,Lindy 30,Craie,9662,18734,10990
2016,Lindy 30,Craie,9953,15409,16041
2017,Lindy 30,Craie,10211,22597,14872
2018,Lindy 30,Craie,10559,23700,15726
2019,Lindy 30,Craie,10283,16056,19905
2020,Lindy 30,Craie,10876,23391,14323
2021,Lindy 30,Craie,11308,28001,20797
2022,Lindy 30,Craie,11596,18321,20750
2023,Lindy 30,Craie,11390,17629,13607
2024,Lindy 30,Craie,11499,18785,16582
2025,Lindy 30,Craie,11525,16044,17897
2015,Lindy 30,Nata,8363,13860,10058
2016,Lindy 30,Nata,8570,16874,14653
2017,Lindy 30,Nata,8751,18596,13588
2018,Lindy 30,Nata,8974,19059,12101
2019,Lindy 30,Nata,9178,18642,16222
2020,Lindy 30,Nata,9715,23767,17004
2021,Lindy 30,Nata,9430,12654,18070
2022,Lindy 30,Nata,9595,22106,15077
2023,Lindy 30,Nata,10076,24099,19480
2024,Lindy 30,Nata,10607,22922,14022
2025,Lindy 30,Nata,10056,24060,14659
2015,Lindy 30,Rose Sakura,11726,18170,15375
2016,Lindy 30,Rose Sakura,11986,19989,21237
2017,Lindy 30,Rose Sakura,12324,23930,23428
2018,Lindy 30,Rose Sakura,12581,25391,19023
2019,Lindy 30,Rose Sakura,12408,23984,24806
2020,Lindy 30,Rose Sakura,13196,25407,22564
2021,Lindy 30,Rose Sakura,13350,17948,26028
2022,Lindy 30,Rose Sakura,12848,24620,23226
2023,Lindy 30,Rose Sakura,13289,26508,23741
2024,Lindy 30,Rose Sakura,14024,29789,16366
2025,Lindy 30,Rose Sakura,13499,26859,23216
2015,Lindy 30,Bleu Brume,11201,27469,17362
2016,Lindy 30,Bleu Brume,11372,26982,13504
2017,Lindy 30,Bleu Brume,11607,15147,15810
2018,Lindy 30,Bleu Brume,11711,23080,23143
2019,Lindy 30,Bleu Brume,12256,26177,22268
2020,Lindy 30,Bleu Brume,12580,28939,17934
2021,Lindy 30,Bleu Brume,12680,26523,23365
2022,Lindy 30,Bleu Brume,12518,17614,22932
2023,Lindy 30,Bleu Brume,12838,26532,15423
2024,Lindy 30,Bleu Brume,13707,27010,22646
2025,Lindy 30,Bleu Brume,13270,24878,19227
2015,Lindy 30,Vert Criquet,10893,21868,18150
2016,Lindy 30,Vert Criquet,11129,24396,15645
2017,Lindy 30,Vert Criquet,11220,15109,19947
2018,Lindy 30,Vert Criquet,11655,20150,20261
2019,Lindy 30,Vert Criquet,11665,16199,17723
2020,Lindy 30,Vert Criquet,11699,23197,22054
2021,Lindy 30,Vert Criquet,11880,25971,18980
2022,Lindy 30,Vert Criquet,12402,25444,23789
2023,Lindy 30,Vert Criquet,12247,27883,16204
2024,Lindy 30,Vert Criquet,12332,26066,15262
2025,Lindy 30,Vert Criquet,12802,16719,23368
2015,Bolide 27,Gold,11654,16705,14785
2016,Bolide 27,Gold,11939,23460,19064
2017,Bolide 27,Gold,12202,18246,23772
2018,Bolide 27,Gold,12368,22485,23037
2019,Bolide 27,Gold,12648,27416,20391
2020,Bolide 27,Gold,12650,27255,20789
2021,Bolide 27,Gold,13051,26580,23631
2022,Bolide 27,Gold,12915,22274,24313
2023,Bolide 27,Gold,13163,24167,16133
2024,Bolide 27,Gold,13907,28544,22110
2025,Bolide 27,Gold,14504,31061,18888
2015,Bolide 27,Noir,7835,12346,14138
2016,Bolide 27,Noir,8098,13888,10773
2017,Bolide 27,Noir,8417,13314,11272
2018,Bolide 27,Noir,8652,19590,14899
2019,Bolide 27,Noir,8590,13353,10300
2020,Bolide 27,Noir,8638,20033,16893
2021,Bolide 27,Noir,9127,20752,14461
2022,Bolide 27,Noir,9672,20958,16322
2023,Bolide 27,Noir,9232,14946,14932
2024,Bolide 27,Noir,10398,23860,15018
2025,Bolide 27,Noir,9456,22836,11465
2015,Bolide 27,Etoupe,9163,14644,16443
2016,Bolide 27,Etoupe,9338,21556,18215
2017,Bolide 27,Etoupe,9486,15623,17081
2018,Bolide 27,Etoupe,9928,18872,17306
2019,Bolide 27,Etoupe,10247,18499,13674
2020,Bolide 27,Etoupe,9994,23994,15411
2021,Bolide 27,Etoupe,10257,23131,18697
2022,Bolide 27,Etoupe,10323,23973,14113
2023,Bolide 27,Etoupe,11550,22254,17741
2024,Bolide 27,Etoupe,11745,17185,23481
2025,Bolide 27,Etoupe,11263,26550,15819
2015,Bolide 27,Etain,7645,18118,12963
2016,Bolide 27,Etain,7902,17243,8879
2017,Bolide 27,Etain,8004,11255,15762
2018,Bolide 27,Etain,8127,11885,14025
2019,Bolide 27,Etain,8782,17384,10861
2020,Bolide 27,Etain,8603,17720,10288
2021,Bolide 27,Etain,8770,21446,11763
2022,Bolide 27,Etain,9504,17695,17472
2023,Bolide 27,Etain,9403,22411,13848
2024,Bolide 27,Etain,10174,25005,13232
2025,Bolide 27,Etain,10111,19237,18671
2015,Bolide 27,Craie,7574,10676,10844
2016,Bolide 27,Craie,7734,10274,10764
2017,Bolide 27,Craie,8084,12270,9444
2018,Bolide 27,Craie,8297,14415,11395
2019,Bolide 27,Craie,8206,20260,10463
2020,Bolide 27,Craie,9045,21197,11542
2021,Bolide 27,Craie,9271,19545,10650
2022,Bolide 27,Craie,9034,20348,16613
2023,Bolide 27,Craie,9300,23031,17521
2024,Bolide 27,Craie,9884,23496,17254
2025,Bolide 27,Craie,9970,18212,13923
2015,Bolide 27,Nata,8162,11785,11444
2016,Bolide 27,Nata,8363,18350,9827
2017,Bolide 27,Nata,8580,19645,16368
2018,Bolide 27,Nata,8734,20010,17467
2019,Bolide 27,Nata,9250,17869,18171
2020,Bolide 27,Nata,9230,12004,11575
2021,Bolide 27,Nata,9953,17290,19489
2022,Bolide 27,Nata,9675,24039,12786
2023,Bolide 27,Nata,9994,18423,11046
2024,Bolide 27,Nata,10235,13860,14886
2025,Bolide 27,Nata,9717,20163,14699
2015,Bolide 27,Rose Sakura,9139,21457,16266
2016,Bolide 27,Rose Sakura,9367,17199,18459
2017,Bolide 27,Rose Sakura,9643,14092,10735
2018,Bolide 27,Rose Sakura,10013,21320,11339
2019,Bolide 27,Rose Sakura,10021,15066,15050
2020,Bolide 27,Rose Sakura,10072,17185,20039
2021,Bolide 27,Rose Sakura,10713,17735,12974
2022,Bolide 27,Rose Sakura,10943,22293,21127
2023,Bolide 27,Rose Sakura,10414,22110,17722
2024,Bolide 27,Rose Sakura,11105,14654,19605
2025,Bolide 27,Rose Sakura,11015,16039,17797
2015,Bolide 27,Bleu Brume,7136,9423,8800
2016,Bolide 27,Bleu Brume,7392,9714,8470
2017,Bolide 27,Bleu Brume,7622,18387,8848
2018,Bolide 27,Bleu Brume,7973,18073,14646
2019,Bolide 27,Bleu Brume,8242,20311,14775
2020,Bolide 27,Bleu Brume,8403,16858,10946
2021,Bolide 27,Bleu Brume,8703,13883,17349
2022,Bolide 27,Bleu Brume,9166,13782,15881
2023,Bolide 27,Bleu Brume,8450,13018,13726
2024,Bolide 27,Bleu Brume,8683,20037,11081
2025,Bolide 27,Bleu Brume,9059,13031,16523
2015,Bolide 27,Vert Criquet,11116,18813,20048
2016,Bolide 27,Vert Criquet,11334,27698,16303
2017,Bolide 27,Vert Criquet,11452,26624,22832
2018,Bolide 27,Vert Criquet,11997,27087,22284
2019,Bolide 27,Vert Criquet,12091,25337,14563
2020,Bolide 27,Vert Criquet,12190,23665,21127
2021,Bolide 27,Vert Criquet,12395,24953,15879
2022,Bolide 27,Vert Criquet,12649,31326,13981
2023,Bolide 27,Vert Criquet,12839,27832,25332
2024,Bolide 27,Vert Criquet,12936,29773,24285
2025,Bolide 27,Vert Criquet,13822,19099,21422
2015,Bolide 31,Gold,11169,14579,20070
2016,Bolide 31,Gold,11466,22276,17510
2017,Bolide 31,Gold,11469,27501,13620
2018,Bolide 31,Gold,11643,16631,22114
2019,Bolide 31,Gold,11901,19862,20615
2020,Bolide 31,Gold,12271,29525,20112
2021,Bolide 31,Gold,12439,30649,21654
2022,Bolide 31,Gold,13162,27855,23602
2023,Bolide 31,Gold,13448,29351,24315
2024,Bolide 31,Gold,13487,33039,24014
2025,Bolide 31,Gold,14168,25295,24675
2015,Bolide 31,Noir,10840,20526,20604
2016,Bolide 31,Noir,11116,22057,21096
2017,Bolide 31,Noir,11216,18069,16872
2018,Bolide 31,Noir,11488,18446,16309
2019,Bolide 31,Noir,11516,17477,15519
2020,Bolide 31,Noir,12191,19260,17065
2021,Bolide 31,Noir,12444,19552,18692
2022,Bolide 31,Noir,12408,16591,19353
2023,Bolide 31,Noir,12105,20935,19622
2024,Bolide 31,Noir,12907,31487,17492
2025,Bolide 31,Noir,13370,19107,18544
2015,Bolide 31,Etoupe,11295,16195,12811
2016,Bolide 31,Etoupe,11453,27046,22585
2017,Bolide 31,Etoupe,11717,15232,14220
2018,Bolide 31,Etoupe,12014,23126,20558
2019,Bolide 31,Etoupe,12218,16121,14385
2020,Bolide 31,Etoupe,12332,17574,19400
2021,Bolide 31,Etoupe,12661,17493,23239
2022,Bolide 31,Etoupe,12826,25306,23752
2023,Bolide 31,Etoupe,13637,23894,23420
2024,Bolide 31,Etoupe,13259,26048,20367
2025,Bolide 31,Etoupe,13348,23298,19067
2015,Bolide 31,Etain,11772,21946,16148
2016,Bolide 31,Etain,12055,28542,14260
2017,Bolide 31,Etain,12179,26501,24352
2018,Bolide 31,Etain,12448,25403,22467
2019,Bolide 31,Etain,12515,26456,15598
2020,Bolide 31,Etain,12789,20452,18206
2021,Bolide 31,Etain,12845,26906,16740
2022,Bolide 31,Etain,13600,19884,19256
2023,Bolide 31,Etain,13291,27221,23469
2024,Bolide 31,Etain,13625,22998,17417
2025,Bolide 31,Etain,13419,20962,19165
2015,Bolide 31,Craie,11016,20331,14411
2016,Bolide 31,Craie,11227,22944,12847
2017,Bolide 31,Craie,11408,19909,17559
2018,Bolide 31,Craie,11824,27490,13156
2019,Bolide 31,Craie,11769,18986,19025
2020,Bolide 31,Craie,11868,27395,20774
2021,Bolide 31,Craie,12270,21441,16990
2022,Bolide 31,Craie,12624,27538,20188
2023,Bolide 31,Craie,12488,20868,23454
2024,Bolide 31,Craie,13522,30657,15248
2025,Bolide 31,Craie,13775,31510,15870
2015,Bolide 31,Nata,8705,19423,11147
2016,Bolide 31,Nata,8887,13992,14028
2017,Bolide 31,Nata,9166,13413,13670
2018,Bolide 31,Nata,9220,12450,12749
2019,Bolide 31,Nata,9306,19517,11785
2020,Bolide 31,Nata,9511,13947,18105
2021,Bolide 31,Nata,9737,22297,15243
2022,Bolide 31,Nata,9970,13608,14927
2023,Bolide 31,Nata,10092,19763,16612
2024,Bolide 31,Nata,10073,23829,12563
2025,Bolide 31,Nata,10596,17532,16958
2015,Bolide 31,Rose Sakura,7491,11660,8726
2016,Bolide 31,Rose Sakura,7695,18638,12587
2017,Bolide 31,Rose Sakura,7887,14757,15459
2018,Bolide 31,Rose Sakura,8293,17927,14857
2019,Bolide 31,Rose Sakura,8415,15936,14122
2020,Bolide 31,Rose Sakura,8737,11472,16388
2021,Bolide 31,Rose Sakura,9236,16754,15329
2022,Bolide 31,Rose Sakura,8602,12634,9624
2023,Bolide 31,Rose Sakura,9209,18663,14925
2024,Bolide 31,Rose Sakura,9108,14527,16044
2025,Bolide 31,Rose Sakura,10125,17467,15705
2015,Bolide 31,Bleu Brume,7523,13237,11999
2016,Bolide 31,Bleu Brume,7745,11767,15120
2017,Bolide 31,Bleu Brume,7977,10608,15841
2018,Bolide 31,Bleu Brume,8166,14742,10657
2019,Bolide 31,Bleu Brume,8510,19977,12494
2020,Bolide 31,Bleu Brume,8632,13091,13675
2021,Bolide 31,Bleu Brume,8432,13914,14497
2022,Bolide 31,Bleu Brume,9439,18995,16493
2023,Bolide 31,Bleu Brume,8991,18383,15286
2024,Bolide 31,Bleu Brume,9841,24235,16921
2025,Bolide 31,Bleu Brume,10228,15774,12104
2015,Bolide 31,Vert Criquet,11279,16570,12644
2016,Bolide 31,Vert Criquet,11443,15491,16436
2017,Bolide 31,Vert Criquet,11738,17685,14576
2018,Bolide 31,Vert Criquet,12014,22028,17839
2019,Bolide 31,Vert Criquet,11958,25786,14909
2020,Bolide 31,Vert Criquet,12450,17560,21374
2021,Bolide 31,Vert Criquet,12362,27853,23175
2022,Bolide 31,Vert Criquet,12424,26675,18968
2023,Bolide 31,Vert Criquet,13085,25402,21341
2024,Bolide 31,Vert Criquet,13498,24850,20902
2025,Bolide 31,Vert Criquet,12825,24217,20039
2015,Garden Party 30,Gold,11466,17197,20732
2016,Garden Party 30,Gold,11694,29080,22261
2017,Garden Party 30,Gold,12063,29552,16271
2018,Garden Party 30,Gold,12285,27331,21978
2019,Garden Party 30,Gold,12596,25362,23247
2020,Garden Party 30,Gold,12432,22009,16491
2021,Garden Party 30,Gold,12815,19947,24784
2022,Garden Party 30,Gold,12919,18266,22364
2023,Garden Party 30,Gold,13329,33195,25687
2024,Garden Party 30,Gold,12981,28625,24318
2025,Garden Party 30,Gold,14414,19328,23410
2015,Garden Party 30,Noir,11972,26826,15807
2016,Garden Party 30,Noir,12175,21772,18760
2017,Garden Party 30,Noir,12559,20899,21694
2018,Garden Party 30,Noir,12586,17091,21285
2019,Garden Party 30,Noir,12600,30206,20000
2020,Garden Party 30,Noir,12995,30102,16985
2021,Garden Party 30,Noir,13512,22556,24540
2022,Garden Party 30,Noir,13364,30048,20835
2023,Garden Party 30,Noir,14108,30571,24562
2024,Garden Party 30,Noir,13389,24906,19229
2025,Garden Party 30,Noir,14751,23913,21491
2015,Garden Party 30,Etoupe,10270,21128,13937
2016,Garden Party 30,Etoupe,10517,22402,11903
2017,Garden Party 30,Etoupe,10642,16027,20266
2018,Garden Party 30,Etoupe,11115,22992,18121
2019,Garden Party 30,Etoupe,11099,16207,13727
2020,Garden Party 30,Etoupe,11140,27043,19923
2021,Garden Party 30,Etoupe,12059,24989,21732
2022,Garden Party 30,Etoupe,12073,26686,22652
2023,Garden Party 30,Etoupe,12411,29550,18845
2024,Garden Party 30,Etoupe,12505,29025,23080
2025,Garden Party 30,Etoupe,11790,20741,17796
2015,Garden Party 30,Etain,11188,25194,22213
2016,Garden Party 30,Etain,11478,25276,16546
2017,Garden Party 30,Etain,11555,16529,22923
2018,Garden Party 30,Etain,11658,26550,23024
2019,Garden Party 30,Etain,12273,16578,16087
2020,Garden Party 30,Etain,11952,24693,13496
2021,Garden Party 30,Etain,12204,19614,15573
2022,Garden Party 30,Etain,12602,27701,20408
2023,Garden Party 30,Etain,12952,26317,23390
2024,Garden Party 30,Etain,13360,29854,21129
2025,Garden Party 30,Etain,13899,32116,26179
2015,Garden Party 30,Craie,10136,13592,17273
2016,Garden Party 30,Craie,10381,13538,12597
2017,Garden Party 30,Craie,10580,17523,13858
2018,Garden Party 30,Craie,10709,21726,18486
2019,Garden Party 30,Craie,11297,24593,20142
2020,Garden Party 30,Craie,11219,18701,13771
2021,Garden Party 30,Craie,11695,16379,15211
2022,Garden Party 30,Craie,11417,20879,22220
2023,Garden Party 30,Craie,11440,15698,19888
2024,Garden Party 30,Craie,12023,23772,23209
2025,Garden Party 30,Craie,12520,21448,16010
2015,Garden Party 30,Nata,10297,17378,20156
2016,Garden Party 30,Nata,10483,15087,16459
2017,Garden Party 30,Nata,10673,20416,12779
2018,Garden Party 30,Nata,10855,23504,12012
2019,Garden Party 30,Nata,11080,16250,13481
2020,Garden Party 30,Nata,11583,22262,15366
2021,Garden Party 30,Nata,11477,26644,12906
2022,Garden Party 30,Nata,11982,20358,15430
2023,Garden Party 30,Nata,12553,19928,19780
2024,Garden Party 30,Nata,12655,23592,24233
2025,Garden Party 30,Nata,13265,30899,16568
2015,Garden Party 30,Rose Sakura,8505,13645,14350
2016,Garden Party 30,Rose Sakura,8774,18450,12712
2017,Garden Party 30,Rose Sakura,8965,14100,14382
2018,Garden Party 30,Rose Sakura,9135,13538,10167
2019,Garden Party 30,Rose Sakura,9632,13899,15470
2020,Garden Party 30,Rose Sakura,9539,20994,18162
2021,Garden Party 30,Rose Sakura,10042,16486,16255
2022,Garden Party 30,Rose Sakura,9704,15938,18723
2023,Garden Party 30,Rose Sakura,10248,20746,14896
2024,Garden Party 30,Rose Sakura,10021,24860,11476
2025,Garden Party 30,Rose Sakura,10117,22412,13893
2015,Garden Party 30,Bleu Brume,9977,19206,11117
2016,Garden Party 30,Bleu Brume,10134,24023,11940
2017,Garden Party 30,Bleu Brume,10509,18764,13752
2018,Garden Party 30,Bleu Brume,10702,14341,12235
2019,Garden Party 30,Bleu Brume,11092,22537,19219
2020,Garden Party 30,Bleu Brume,10957,22848,18033
2021,Garden Party 30,Bleu Brume,11647,16202,15921
2022,Garden Party 30,Bleu Brume,11645,22974,18468
2023,Garden Party 30,Bleu Brume,11214,27304,21529
2024,Garden Party 30,Bleu Brume,12113,20488,22921
2025,Garden Party 30,Bleu Brume,12425,26826,22553
2015,Garden Party 30,Vert Criquet,10418,22756,14857
2016,Garden Party 30,Vert Criquet,10693,23223,16073
2017,Garden Party 30,Vert Criquet,10834,24547,20969
2018,Garden Party 30,Vert Criquet,11256,20539,19702
2019,Garden Party 30,Vert Criquet,11598,25671,18144
2020,Garden Party 30,Vert Criquet,11287,26845,21188
2021,Garden Party 30,Vert Criquet,11552,15920,19699
2022,Garden Party 30,Vert Criquet,11858,23344,19433
2023,Garden Party 30,Vert Criquet,12183,29668,16577
2024,Garden Party 30,Vert Criquet,12856,31053,19394
2025,Garden Party 30,Vert Criquet,12272,20533,16332
2015,Herbag Zip 31,Gold,7509,14865,14448
2016,Herbag Zip 31,Gold,7808,19271,10858
2017,Herbag Zip 31,Gold,8044,17387,12432
2018,Herbag Zip 31,Gold,8358,16519,15309
2019,Herbag Zip 31,Gold,8224,17023,12857
2020,Herbag Zip 31,Gold,8351,13500,13103
2021,Herbag Zip 31,Gold,9289,20175,14118
2022,Herbag Zip 31,Gold,9228,12399,18123
2023,Herbag Zip 31,Gold,9861,22076,18067
2024,Herbag Zip 31,Gold,9401,15548,15031
2025,Herbag Zip 31,Gold,9108,12973,11029
2015,Herbag Zip 31,Noir,11572,28711,21942
2016,Herbag Zip 31,Noir,11733,17427,17482
2017,Herbag Zip 31,Noir,11935,25094,20648
2018,Herbag Zip 31,Noir,12079,17365,19098
2019,Herbag Zip 31,Noir,12587,25523,21452
2020,Herbag Zip 31,Noir,12951,27084,20112
2021,Herbag Zip 31,Noir,12960,26359,23731
2022,Herbag Zip 31,Noir,12637,30583,18982
2023,Herbag Zip 31,Noir,13464,31882,23219
2024,Herbag Zip 31,Noir,14260,22327,27587
2025,Herbag Zip 31,Noir,13491,31219,22094
2015,Herbag Zip 31,Etoupe,7280,12158,12780
2016,Herbag Zip 31,Etoupe,7471,11680,11005
2017,Herbag Zip 31,Etoupe,7705,19026,12760
2018,Herbag Zip 31,Etoupe,7750,15598,8637
2019,Herbag Zip 31,Etoupe,8035,15264,11042
2020,Herbag Zip 31,Etoupe,8699,12658,15180
2021,Herbag Zip 31,Etoupe,9045,18539,16527
2022,Herbag Zip 31,Etoupe,9198,12627,11882
2023,Herbag Zip 31,Etoupe,8973,19695,17455
2024,Herbag Zip 31,Etoupe,9709,22274,15023
2025,Herbag Zip 31,Etoupe,8812,16053,12113
2015,Herbag Zip 31,Etain,11284,24757,18094
2016,Herbag Zip 31,Etain,11512,24440,19251
2017,Herbag Zip 31,Etain,11609,24767,13872
2018,Herbag Zip 31,Etain,12028,23600,19450
2019,Herbag Zip 31,Etain,12388,20562,19654
2020,Herbag Zip 31,Etain,12598,30015,14151
2021,Herbag Zip 31,Etain,12875,25849,22077
2022,Herbag Zip 31,Etain,12515,31220,22651
2023,Herbag Zip 31,Etain,13351,18360,23471
2024,Herbag Zip 31,Etain,13514,19668,22257
2025,Herbag Zip 31,Etain,13466,28651,15779
2015,Herbag Zip 31,Craie,11266,24102,21165
2016,Herbag Zip 31,Craie,11417,20621,19253
2017,Herbag Zip 31,Craie,11809,16942,23461
2018,Herbag Zip 31,Craie,12020,20784,23801
2019,Herbag Zip 31,Craie,12272,20716,21515
2020,Herbag Zip 31,Craie,12245,20972,17085
2021,Herbag Zip 31,Craie,12854,19820,24629
2022,Herbag Zip 31,Craie,13092,26031,24647
2023,Herbag Zip 31,Craie,13428,19553,23262
2024,Herbag Zip 31,Craie,12998,25961,23106
2025,Herbag Zip 31,Craie,13334,29662,24437
2015,Herbag Zip 31,Nata,11216,18931,20359
2016,Herbag Zip 31,Nata,11512,23047,19132
2017,Herbag Zip 31,Nata,11675,21171,17540
2018,Herbag Zip 31,Nata,12052,18819,15428
2019,Herbag Zip 31,Nata,12380,17735,15308
2020,Herbag Zip 31,Nata,12096,16248,23120
2021,Herbag Zip 31,Nata,12836,16909,17768
2022,Herbag Zip 31,Nata,12455,16772,22479
2023,Herbag Zip 31,Nata,12457,24570,15313
2024,Herbag Zip 31,Nata,13571,23678,26836
2025,Herbag Zip 31,Nata,12897,19639,17910
2015,Herbag Zip 31,Rose Sakura,10500,20680,15766
2016,Herbag Zip 31,Rose Sakura,10733,26557,19556
2017,Herbag Zip 31,Rose Sakura,10872,17834,15339
2018,Herbag Zip 31,Rose Sakura,11190,19325,15123
2019,Herbag Zip 31,Rose Sakura,11311,17186,20595
2020,Herbag Zip 31,Rose Sakura,11980,23052,18509
2021,Herbag Zip 31,Rose Sakura,11963,29152,22054
2022,Herbag Zip 31,Rose Sakura,12589,17402,21602
2023,Herbag Zip 31,Rose Sakura,12562,18942,17991
2024,Herbag Zip 31,Rose Sakura,13000,21303,24352
2025,Herbag Zip 31,Rose Sakura,12475,28314,19579
2015,Herbag Zip 31,Bleu Brume,7730,16509,13458
2016,Herbag Zip 31,Bleu Brume,8007,13938,13347
2017,Herbag Zip 31,Bleu Brume,8154,11313,14082
2018,Herbag Zip 31,Bleu Brume,8477,20167,11970
2019,Herbag Zip 31,Bleu Brume,8814,16457,10956
2020,Herbag Zip 31,Bleu Brume,8654,21372,15126
2021,Herbag Zip 31,Bleu Brume,8719,18622,15844
2022,Herbag Zip 31,Bleu Brume,9295,15754,17023
2023,Herbag Zip 31,Bleu Brume,9545,16546,11316
2024,Herbag Zip 31,Bleu Brume,10014,24688,17870
2025,Herbag Zip 31,Bleu Brume,9965,23515,19644
2015,Herbag Zip 31,Vert Criquet,9735,14095,12659
2016,Herbag Zip 31,Vert Criquet,10017,24809,19492
2017,Herbag Zip 31,Vert Criquet,10284,17049,13786
2018,Herbag Zip 31,Vert Criquet,10324,22602,17122
2019,Herbag Zip 31,Vert Criquet,10534,24562,15355
2020,Herbag Zip 31,Vert Criquet,11020,24219,22022
2021,Herbag Zip 31,Vert Criquet,11258,24014,14948
2022,Herbag Zip 31,Vert Criquet,10847,20155,16002
2023,Herbag Zip 31,Vert Criquet,11985,21598,16651
2024,Herbag Zip 31,Vert Criquet,11666,17087,14568
2025,Herbag Zip 31,Vert Criquet,11539,19735,21883
2015,Jypsière 28,Gold,8732,12263,13961
2016,Jypsière 28,Gold,9016,16652,15430
2017,Jypsière 28,Gold,9092,17688,14507
2018,Jypsière 28,Gold,9584,20630,13973
2019,Jypsière 28,Gold,9780,22270,12471
2020,Jypsière 28,Gold,9884,19922,19146
2021,Jypsière 28,Gold,9755,17948,16269
2022,Jypsière 28,Gold,10316,24606,17314
2023,Jypsière 28,Gold,10563,16026,20592
2024,Jypsière 28,Gold,11216,26008,14638
2025,Jypsière 28,Gold,11029,25807,20167
2015,Jypsière 28,Noir,11678,24777,21291
2016,Jypsière 28,Noir,11864,21331,19272
2017,Jypsière 28,Noir,12096,28140,22611
2018,Jypsière 28,Noir,12379,20870,23778
2019,Jypsière 28,Noir,12793,27606,24865
2020,Jypsière 28,Noir,12809,28917,14792
2021,Jypsière 28,Noir,12829,30243,20298
2022,Jypsière 28,Noir,13175,24222,23763
2023,Jypsière 28,Noir,13947,24058,23842
2024,Jypsière 28,Noir,13318,28490,26441
2025,Jypsière 28,Noir,13258,17378,25054
2015,Jypsière 28,Etoupe,10053,24678,16345
2016,Jypsière 28,Etoupe,10284,16292,12669
2017,Jypsière 28,Etoupe,10369,17327,19571
2018,Jypsière 28,Etoupe,10810,24432,15002
2019,Jypsière 28,Etoupe,10663,14852,11748
2020,Jypsière 28,Etoupe,10984,22586,14047
2021,Jypsière 28,Etoupe,11342,26735,12581
2022,Jypsière 28,Etoupe,11389,19266,21147
2023,Jypsière 28,Etoupe,11834,15999,19501
2024,Jypsière 28,Etoupe,11410,25728,20738
2025,Jypsière 28,Etoupe,12252,24428,23829
2015,Jypsière 28,Etain,8947,14668,17127
2016,Jypsière 28,Etain,9198,14541,18068
2017,Jypsière 28,Etain,9476,16459,13469
2018,Jypsière 28,Etain,9719,17243,13675
2019,Jypsière 28,Etain,9620,14140,15678
2020,Jypsière 28,Etain,9735,20941,17121
2021,Jypsière 28,Etain,10424,21093,19659
2022,Jypsière 28,Etain,10862,21778,19415
2023,Jypsière 28,Etain,11057,22374,21993
2024,Jypsière 28,Etain,11470,26906,19772
2025,Jypsière 28,Etain,10485,19687,19144
2015,Jypsière 28,Craie,8012,12285,12900
2016,Jypsière 28,Craie,8249,11494,14339
2017,Jypsière 28,Craie,8372,19255,13459
2018,Jypsière 28,Craie,8737,20495,15104
2019,Jypsière 28,Craie,9105,18436,14445
2020,Jypsière 28,Craie,9010,13716,17260
2021,Jypsière 28,Craie,9315,13879,13717
2022,Jypsière 28,Craie,10075,18973,14382
2023,Jypsière 28,Craie,9695,16844,17090
2024,Jypsière 28,Craie,10185,17068,15362
2025,Jypsière 28,Craie,10144,21957,17850
2015,Jypsière 28,Nata,9622,20864,15160
2016,Jypsière 28,Nata,9892,16619,13990
2017,Jypsière 28,Nata,10080,15628,18923
2018,Jypsière 28,Nata,10121,17177,15658
2019,Jypsière 28,Nata,10301,19772,14600
2020,Jypsière 28,Nata,10744,24337,19590
2021,Jypsière 28,Nata,10598,15740,11744
2022,Jypsière 28,Nata,10798,19163,14576
2023,Jypsière 28,Nata,11870,24156,16902
2024,Jypsière 28,Nata,11159,24547,13898
2025,Jypsière 28,Nata,11943,24454,18805
2015,Jypsière 28,Rose Sakura,9483,16789,11053
2016,Jypsière 28,Rose Sakura,9722,16276,13102
2017,Jypsière 28,Rose Sakura,9930,14271,15146
2018,Jypsière 28,Rose Sakura,9943,23965,12265
2019,Jypsière 28,Rose Sakura,10626,21754,15969
2020,Jypsière 28,Rose Sakura,10284,21847,11767
2021,Jypsière 28,Rose Sakura,10686,16894,20721
2022,Jypsière 28,Rose Sakura,11084,17882,13601
2023,Jypsière 28,Rose Sakura,11313,17517,18042
2024,Jypsière 28,Rose Sakura,11780,23154,16192
2025,Jypsière 28,Rose Sakura,12394,24626,20337
2015,Jypsière 28,Bleu Brume,10861,16726,13168
2016,Jypsière 28,Bleu Brume,11034,20977,15196
2017,Jypsière 28,Bleu Brume,11161,16209,20960
2018,Jypsière 28,Bleu Brume,11494,15194,12953
2019,Jypsière 28,Bleu Brume,11620,26832,16200
2020,Jypsière 28,Bleu Brume,11752,15784,14655
2021,Jypsière 28,Bleu Brume,11994,19355,19893
2022,Jypsière 28,Bleu Brume,12773,28992,14593
2023,Jypsière 28,Bleu Brume,13194,32722,24911
2024,Jypsière 28,Bleu Brume,12278,26057,18312
2025,Jypsière 28,Bleu Brume,12848,29030,23174
2015,Jypsière 28,Vert Criquet,11928,23508,15962
2016,Jypsière 28,Vert Criquet,12174,28818,20896
2017,Jypsière 28,Vert Criquet,12301,30065,19190
2018,Jypsière 28,Vert Criquet,12696,20290,24658
2019,Jypsière 28,Vert Criquet,12979,20777,15252
2020,Jypsière 28,Vert Criquet,12991,31232,15021
2021,Jypsière 28,Vert Criquet,12857,21453,14155
2022,Jypsière 28,Vert Criquet,13549,18036,19703
2023,Jypsière 28,Vert Criquet,13656,20067,18229
2024,Jypsière 28,Vert Criquet,13876,19957,20723
2025,Jypsière 28,Vert Criquet,13734,31411,21389
2015,Jige Clutch,Gold,8930,15399,10041
2016,Jige Clutch,Gold,9175,15008,10606
2017,Jige Clutch,Gold,9235,17135,16821
2018,Jige Clutch,Gold,9556,19581,16470
2019,Jige Clutch,Gold,9922,13752,14096
2020,Jige Clutch,Gold,9769,20398,18315
2021,Jige Clutch,Gold,10658,16790,18544
2022,Jige Clutch,Gold,10874,14306,21252
2023,Jige Clutch,Gold,10728,16396,20537
2024,Jige Clutch,Gold,10889,23594,14320
2025,Jige Clutch,Gold,11344,24274,21832
2015,Jige Clutch,Noir,10439,17711,17708
2016,Jige Clutch,Noir,10719,23405,18533
2017,Jige Clutch,Noir,10797,16148,15772
2018,Jige Clutch,Noir,10945,25593,21824
2019,Jige Clutch,Noir,11514,26075,22405
2020,Jige Clutch,Noir,11925,27623,13518
2021,Jige Clutch,Noir,12112,26937,16254
2022,Jige Clutch,Noir,11695,15277,15629
2023,Jige Clutch,Noir,12572,24426,18855
2024,Jige Clutch,Noir,12898,32072,21286
2025,Jige Clutch,Noir,12021,17263,19224
2015,Jige Clutch,Etoupe,9911,14018,11209
2016,Jige Clutch,Etoupe,10177,13993,16010
2017,Jige Clutch,Etoupe,10214,15440,15836
2018,Jige Clutch,Etoupe,10485,22840,12376
2019,Jige Clutch,Etoupe,11012,20351,14005
2020,Jige Clutch,Etoupe,10739,21385,19985
2021,Jige Clutch,Etoupe,10869,14261,16076
2022,Jige Clutch,Etoupe,11117,16612,13859
2023,Jige Clutch,Etoupe,11888,21189,22908
2024,Jige Clutch,Etoupe,12405,26743,23303
2025,Jige Clutch,Etoupe,12051,24846,17674
2015,Jige Clutch,Etain,7301,16068,12352
2016,Jige Clutch,Etain,7597,16195,11816
2017,Jige Clutch,Etain,7760,10221,14584
2018,Jige Clutch,Etain,7906,11251,13259
2019,Jige Clutch,Etain,8304,15197,15797
2020,Jige Clutch,Etain,8749,20839,15156
2021,Jige Clutch,Etain,8317,12991,13886
2022,Jige Clutch,Etain,9113,13584,17719
2023,Jige Clutch,Etain,9034,16282,16903
2024,Jige Clutch,Etain,9424,17195,12014
2025,Jige Clutch,Etain,9389,19892,14602
2015,Jige Clutch,Craie,10452,22266,14132
2016,Jige Clutch,Craie,10666,21731,14153
2017,Jige Clutch,Craie,10890,14776,11997
2018,Jige Clutch,Craie,11247,16654,14065
2019,Jige Clutch,Craie,11175,24219,19886
2020,Jige Clutch,Craie,11689,23271,15638
2021,Jige Clutch,Craie,11777,21657,22508
2022,Jige Clutch,Craie,11939,26832,14508
2023,Jige Clutch,Craie,12704,23134,19699
2024,Jige Clutch,Craie,12365,27185,16504
2025,Jige Clutch,Craie,13240,26900,15909
2015,Jige Clutch,Nata,8045,13930,15634
2016,Jige Clutch,Nata,8265,15936,15066
2017,Jige Clutch,Nata,8346,19724,11231
2018,Jige Clutch,Nata,8825,15141,14911
2019,Jige Clutch,Nata,8734,20368,15455
2020,Jige Clutch,Nata,9527,23790,11247
2021,Jige Clutch,Nata,9819,15477,15629
2022,Jige Clutch,Nata,9767,22209,18893
2023,Jige Clutch,Nata,9445,14973,12117
2024,Jige Clutch,Nata,9709,20138,19319
2025,Jige Clutch,Nata,10642,16230,16708
2015,Jige Clutch,Rose Sakura,7545,13265,14246
2016,Jige Clutch,Rose Sakura,7713,16938,13881
2017,Jige Clutch,Rose Sakura,8142,15653,15465
2018,Jige Clutch,Rose Sakura,8301,15135,12782
2019,Jige Clutch,Rose Sakura,8354,19876,12920
2020,Jige Clutch,Rose Sakura,8372,12127,11729
2021,Jige Clutch,Rose Sakura,9235,21537,12948
2022,Jige Clutch,Rose Sakura,9034,20797,13022
2023,Jige Clutch,Rose Sakura,9855,15530,12671
2024,Jige Clutch,Rose Sakura,9349,17060,17590
2025,Jige Clutch,Rose Sakura,9795,12886,15088
2015,Jige Clutch,Bleu Brume,8161,12803,14969
2016,Jige Clutch,Bleu Brume,8382,12049,9669
2017,Jige Clutch,Bleu Brume,8554,19014,13585
2018,Jige Clutch,Bleu Brume,8911,20192,17007
2019,Jige Clutch,Bleu Brume,9153,15309,10270
2020,Jige Clutch,Bleu Brume,9406,16434,13321
2021,Jige Clutch,Bleu Brume,9073,17353,16440
2022,Jige Clutch,Bleu Brume,9695,19726,18153
2023,Jige Clutch,Bleu Brume,9379,14814,15291
2024,Jige Clutch,Bleu Brume,10395,16702,15056
2025,Jige Clutch,Bleu Brume,11122,20801,17051
2015,Jige Clutch,Vert Criquet,9881,24017,13735
2016,Jige Clutch,Vert Criquet,10037,15017,19881
2017,Jige Clutch,Vert Criquet,10288,20959,16691
2018,Jige Clutch,Vert Criquet,10575,22972,21100
2019,Jige Clutch,Vert Criquet,11077,19983,19182
2020,Jige Clutch,Vert Criquet,11092,15584,14897
2021,Jige Clutch,Vert Criquet,10979,16034,12978
2022,Jige Clutch,Vert Criquet,11878,18838,21660
2023,Jige Clutch,Vert Criquet,11926,26393,22046
2024,Jige Clutch,Vert Criquet,11818,25156,17276
2025,Jige Clutch,Vert Criquet,11898,27487,13360
2015,Geta Bag,Gold,11663,20971,16067
2016,Geta Bag,Gold,11855,26044,18574
2017,Geta Bag,Gold,12182,23464,20235
2018,Geta Bag,Gold,12208,24788,17487
2019,Geta Bag,Gold,12683,30619,15098
2020,Geta Bag,Gold,12434,27712,17364
2021,Geta Bag,Gold,13293,17410,16391
2022,Geta Bag,Gold,12905,26364,16408
2023,Geta Bag,Gold,13461,26786,20584
2024,Geta Bag,Gold,14262,23479,17855
2025,Geta Bag,Gold,14218,27876,18174
2015,Geta Bag,Noir,9873,16564,12132
2016,Geta Bag,Noir,10056,21980,15324
2017,Geta Bag,Noir,10292,16141,18569
2018,Geta Bag,Noir,10430,14632,16474
2019,Geta Bag,Noir,10834,21216,13443
2020,Geta Bag,Noir,10830,16244,19084
2021,Geta Bag,Noir,11578,24053,15191
2022,Geta Bag,Noir,10955,24392,16770
2023,Geta Bag,Noir,11525,15497,20843
2024,Geta Bag,Noir,12492,23167,15228
2025,Geta Bag,Noir,12526,21159,23108
2015,Geta Bag,Etoupe,10549,14408,14729
2016,Geta Bag,Etoupe,10815,21993,20051
2017,Geta Bag,Etoupe,11064,20418,15094
2018,Geta Bag,Etoupe,11140,20584,18230
2019,Geta Bag,Etoupe,11746,16384,20814
2020,Geta Bag,Etoupe,11832,17504,20098
2021,Geta Bag,Etoupe,11838,25163,14048
2022,Geta Bag,Etoupe,11713,26069,17041
2023,Geta Bag,Etoupe,11980,18185,13659
2024,Geta Bag,Etoupe,13131,21823,16227
2025,Geta Bag,Etoupe,13125,18292,24615
2015,Geta Bag,Etain,8827,15126,15276
2016,Geta Bag,Etain,9098,19530,13410
2017,Geta Bag,Etain,9173,14420,13378
2018,Geta Bag,Etain,9520,17308,13227
2019,Geta Bag,Etain,9837,16092,13311
2020,Geta Bag,Etain,9623,18785,17470
2021,Geta Bag,Etain,9813,22737,13474
2022,Geta Bag,Etain,9878,14702,11218
2023,Geta Bag,Etain,10991,23331,19143
2024,Geta Bag,Etain,11457,22109,14741
2025,Geta Bag,Etain,10590,16612,12266
2015,Geta Bag,Craie,8377,12380,14452
2016,Geta Bag,Craie,8569,11286,12515
2017,Geta Bag,Craie,8833,14078,10021
2018,Geta Bag,Craie,9180,12537,11085
2019,Geta Bag,Craie,9261,17357,15425
2020,Geta Bag,Craie,9817,19017,15229
2021,Geta Bag,Craie,10150,21512,19327
2022,Geta Bag,Craie,9608,18301,10869
2023,Geta Bag,Craie,10469,17812,16165
2024,Geta Bag,Craie,10191,19962,16917
2025,Geta Bag,Craie,10307,20507,16101
2015,Geta Bag,Nata,11859,19533,21454
2016,Geta Bag,Nata,12063,29182,14363
2017,Geta Bag,Nata,12263,21645,15618
2018,Geta Bag,Nata,12452,17447,19805
2019,Geta Bag,Nata,13037,21701,18219
2020,Geta Bag,Nata,12692,24568,15104
2021,Geta Bag,Nata,13643,19992,24703
2022,Geta Bag,Nata,12991,24709,25279
2023,Geta Bag,Nata,14021,32191,20924
2024,Geta Bag,Nata,13512,23011,16331
2025,Geta Bag,Nata,14820,35059,20165
2015,Geta Bag,Rose Sakura,11660,27595,16200
2016,Geta Bag,Rose Sakura,11954,29247,15074
2017,Geta Bag,Rose Sakura,12050,20169,14006
2018,Geta Bag,Rose Sakura,12139,28136,16842
2019,Geta Bag,Rose Sakura,12818,28906,23339
2020,Geta Bag,Rose Sakura,12570,17138,18399
2021,Geta Bag,Rose Sakura,12971,23890,24625
2022,Geta Bag,Rose Sakura,13638,25209,20958
2023,Geta Bag,Rose Sakura,13252,27211,25643
2024,Geta Bag,Rose Sakura,14012,19904,26708
2025,Geta Bag,Rose Sakura,13588,22183,15263
2015,Geta Bag,Bleu Brume,9785,24036,11895
2016,Geta Bag,Bleu Brume,9954,16024,14794
2017,Geta Bag,Bleu Brume,10260,17365,17104
2018,Geta Bag,Bleu Brume,10541,18060,19253
2019,Geta Bag,Bleu Brume,10707,18113,18831
2020,Geta Bag,Bleu Brume,10904,24249,16781
2021,Geta Bag,Bleu Brume,10897,24290,18993
2022,Geta Bag,Bleu Brume,11557,19919,17987
2023,Geta Bag,Bleu Brume,11507,27380,15175
2024,Geta Bag,Bleu Brume,11579,22814,18447
2025,Geta Bag,Bleu Brume,11605,25609,19121
2015,Geta Bag,Vert Criquet,9342,18763,14992
2016,Geta Bag,Vert Criquet,9612,17666,14111
2017,Geta Bag,Vert Criquet,9692,21475,16696
2018,Geta Bag,Vert Criquet,9796,22639,14846
2019,Geta Bag,Vert Criquet,10458,23302,20230
2020,Geta Bag,Vert Criquet,10119,16699,20160
2021,Geta Bag,Vert Criquet,10412,18965,14953
2022,Geta Bag,Vert Criquet,10807,17790,20907
2023,Geta Bag,Vert Criquet,11055,15766,13250
2024,Geta Bag,Vert Criquet,11387,20720,22058
2025,Geta Bag,Vert Criquet,11565,25806,16978
